[2026-09-09 19:57:10] INFO: 📁 Serving static web from: C:\Users\ADMIN\Downloads\Thiet ke ht IOT\BÀi tập lớn\web
[2026-09-09 19:57:10] INFO: ✅ MySQL Database connected
[2026-09-09 19:57:10] INFO: ✅ Socket.IO initialized
[2026-09-09 19:57:10] INFO: ✅ MQTT client connecting...
[2026-09-09 19:57:10] INFO: ✅ Smart Parking Backend running on port 3000
[2026-09-09 19:57:10] INFO:    Environment: development
[2026-09-09 19:57:10] INFO:    API Base URL: http://localhost:3000/api
[2026-09-09 19:57:10] ERROR: MQTT error:
[2026-09-09 19:57:10] WARN: MQTT client offline
[2026-09-09 19:57:15] WARN: MQTT reconnecting...
[2026-09-09 19:57:15] ERROR: MQTT error:
[2026-09-09 19:57:20] WARN: MQTT reconnecting...
[2026-09-09 19:57:20] ERROR: MQTT error:
[2026-09-09 19:57:23] INFO: [GET] /api - ::1
[2026-09-09 19:57:25] WARN: MQTT reconnecting...
[2026-09-09 19:57:25] ERROR: MQTT error:
[2026-09-09 19:57:30] WARN: MQTT reconnecting...
[2026-09-09 19:57:30] ERROR: MQTT error:
[2026-09-09 19:57:35] WARN: MQTT reconnecting...
[2026-09-09 19:57:35] ERROR: MQTT error:
[2026-09-09 19:57:40] WARN: MQTT reconnecting...
[2026-09-09 19:57:40] ERROR: MQTT error:
[2026-09-09 19:57:45] WARN: MQTT reconnecting...
[2026-09-09 19:57:45] ERROR: MQTT error:
[2026-09-09 19:57:50] WARN: MQTT reconnecting...
[2026-09-09 19:57:50] ERROR: MQTT error:
[2026-09-09 19:57:55] WARN: MQTT reconnecting...
[2026-09-09 19:57:55] ERROR: MQTT error:
[2026-09-09 19:58:00] WARN: MQTT reconnecting...
[2026-09-09 19:58:00] ERROR: MQTT error:
[2026-09-09 19:58:05] WARN: MQTT reconnecting...
[2026-09-09 19:58:05] ERROR: MQTT error:
[2026-09-09 19:58:10] WARN: MQTT reconnecting...
[2026-09-09 19:58:10] ERROR: MQTT error:
[2026-09-09 19:58:12] INFO: [POST] /api/auth/login - ::1
[2026-09-09 19:58:15] WARN: MQTT reconnecting...
[2026-09-09 19:58:15] ERROR: MQTT error:
[2026-09-09 19:58:20] WARN: MQTT reconnecting...
[2026-09-09 19:58:20] ERROR: MQTT error:
[2026-09-09 19:58:23] INFO: [POST] /api/auth/login - ::1
[2026-09-09 19:58:25] WARN: MQTT reconnecting...
[2026-09-09 19:58:25] ERROR: MQTT error:
[2026-09-09 19:58:30] WARN: MQTT reconnecting...
[2026-09-09 19:58:30] ERROR: MQTT error:
[2026-09-09 19:58:35] WARN: MQTT reconnecting...
[2026-09-09 19:58:35] ERROR: MQTT error:
[2026-09-09 19:58:40] WARN: MQTT reconnecting...
[2026-09-09 19:58:40] ERROR: MQTT error:
[2026-09-09 19:58:45] WARN: MQTT reconnecting...
[2026-09-09 19:58:45] ERROR: MQTT error:
[2026-09-09 19:58:50] WARN: MQTT reconnecting...
[2026-09-09 19:58:50] ERROR: MQTT error:
[2026-09-09 19:58:55] WARN: MQTT reconnecting...
[2026-09-09 19:58:55] ERROR: MQTT error:
[2026-09-09 19:58:58] INFO: [POST] /api/auth/login - ::1
[2026-09-09 19:59:00] WARN: MQTT reconnecting...
[2026-09-09 19:59:00] ERROR: MQTT error:
[2026-09-09 19:59:05] WARN: MQTT reconnecting...
[2026-09-09 19:59:05] ERROR: MQTT error:
[2026-09-09 19:59:10] WARN: MQTT reconnecting...
[2026-09-09 19:59:10] ERROR: MQTT error:
[2026-09-09 19:59:15] WARN: MQTT reconnecting...
[2026-09-09 19:59:15] ERROR: MQTT error:
[2026-09-09 19:59:20] WARN: MQTT reconnecting...
[2026-09-09 19:59:20] ERROR: MQTT error:
[2026-09-09 19:59:25] WARN: MQTT reconnecting...
[2026-09-09 19:59:25] ERROR: MQTT error:
[2026-09-09 19:59:30] WARN: MQTT reconnecting...
[2026-09-09 19:59:30] ERROR: MQTT error:
[2026-09-09 19:59:35] WARN: MQTT reconnecting...
[2026-09-09 19:59:35] ERROR: MQTT error:
[2026-09-09 19:59:40] WARN: MQTT reconnecting...
[2026-09-09 19:59:40] ERROR: MQTT error:
[2026-09-09 19:59:45] WARN: MQTT reconnecting...
[2026-09-09 19:59:45] ERROR: MQTT error:
[2026-09-09 19:59:50] WARN: MQTT reconnecting...
[2026-09-09 19:59:50] ERROR: MQTT error:
[2026-09-09 19:59:55] WARN: MQTT reconnecting...
[2026-09-09 19:59:55] ERROR: MQTT error:
[2026-09-09 20:00:00] WARN: MQTT reconnecting...
[2026-09-09 20:00:00] ERROR: MQTT error:
[2026-09-09 20:00:05] WARN: MQTT reconnecting...
[2026-09-09 20:00:05] ERROR: MQTT error:
[2026-09-09 20:00:10] WARN: MQTT reconnecting...
[2026-09-09 20:00:10] ERROR: MQTT error:
[2026-09-09 20:00:15] WARN: MQTT reconnecting...
[2026-09-09 20:00:15] ERROR: MQTT error:
[2026-09-09 20:00:20] WARN: MQTT reconnecting...
[2026-09-09 20:00:20] ERROR: MQTT error:
[2026-09-09 20:00:25] WARN: MQTT reconnecting...
[2026-09-09 20:00:25] ERROR: MQTT error:
[2026-09-09 20:00:30] WARN: MQTT reconnecting...
[2026-09-09 20:00:30] ERROR: MQTT error:
[2026-09-09 20:00:35] WARN: MQTT reconnecting...
[2026-09-09 20:00:35] ERROR: MQTT error:
[2026-09-09 20:00:40] WARN: MQTT reconnecting...
[2026-09-09 20:00:40] ERROR: MQTT error:
[2026-09-09 20:00:45] WARN: MQTT reconnecting...
[2026-09-09 20:00:45] ERROR: MQTT error:
[2026-09-09 20:00:50] WARN: MQTT reconnecting...
[2026-09-09 20:00:50] ERROR: MQTT error:
[2026-09-09 20:00:51] INFO: [POST] /api/auth/login - ::1
[2026-09-09 20:00:53] INFO: [GET] /api/notifications - ::1
[2026-09-09 20:00:53] INFO: [GET] /api/statistics/dashboard - ::1
[2026-09-09 20:00:53] INFO: [GET] /api/parking/slots - ::1
[2026-09-09 20:00:53] INFO: [GET] /api/statistics/revenue?days=7 - ::1
[2026-09-09 20:00:55] WARN: MQTT reconnecting...
[2026-09-09 20:00:55] ERROR: MQTT error:
[2026-09-09 20:01:00] WARN: MQTT reconnecting...
[2026-09-09 20:01:00] ERROR: MQTT error:
[2026-09-09 20:01:03] INFO: [GET] /api/devices - ::1
[2026-09-09 20:01:03] INFO: [GET] /api/notifications - ::1
[2026-09-09 20:01:03] INFO: [GET] /api/parking/slots - ::1
[2026-09-09 20:01:03] INFO: [GET] /api/parking/slots/summary - ::1
[2026-09-09 20:01:05] WARN: MQTT reconnecting...
[2026-09-09 20:01:05] ERROR: MQTT error:
[2026-09-09 20:01:08] INFO: [GET] /api/notifications - ::1
[2026-09-09 20:01:08] INFO: [GET] /api/devices - ::1
[2026-09-09 20:01:10] WARN: MQTT reconnecting...
[2026-09-09 20:01:10] ERROR: MQTT error:
[2026-09-09 20:01:11] INFO: [GET] /api/notifications - ::1
[2026-09-09 20:01:11] INFO: [GET] /api/devices - ::1
[2026-09-09 20:01:11] INFO: [GET] /api/devices/logs/all - ::1
[2026-09-09 20:01:15] INFO: [GET] /api/notifications - ::1
[2026-09-09 20:01:15] WARN: MQTT reconnecting...
[2026-09-09 20:01:15] ERROR: MQTT error:
[2026-09-09 20:01:20] WARN: MQTT reconnecting...
[2026-09-09 20:01:20] ERROR: MQTT error:
[2026-09-09 20:01:22] INFO: [GET] /api/notifications - ::1
[2026-09-09 20:01:22] INFO: [GET] /api/history/admin/all?page=1&limit=15&search=&status= - ::1
[2026-09-09 20:01:22] INFO: [GET] /api/history/admin/guest-sessions?page=1&limit=50 - ::1
[2026-09-09 20:01:24] INFO: [GET] /api/notifications - ::1
[2026-09-09 20:01:24] INFO: [GET] /api/payment/transactions/all?page=1&limit=15&search=&type=&status= - ::1
[2026-09-09 20:01:25] WARN: MQTT reconnecting...
[2026-09-09 20:01:25] ERROR: MQTT error:
[2026-09-09 20:01:26] INFO: [GET] /api/payment/transactions/all?page=1&limit=15&search=admin%40smartparking.com&type=&status= - ::1
[2026-09-09 20:01:26] INFO: [GET] /api/notifications - ::1
[2026-09-09 20:01:26] INFO: [GET] /api/parking/slots - ::1
[2026-09-09 20:01:26] INFO: [GET] /api/devices - ::1
[2026-09-09 20:01:26] INFO: [GET] /api/parking/slots/summary - ::1
[2026-09-09 20:01:30] WARN: MQTT reconnecting...
[2026-09-09 20:01:30] ERROR: MQTT error:
[2026-09-09 20:01:35] WARN: MQTT reconnecting...
[2026-09-09 20:01:35] ERROR: MQTT error:
[2026-09-09 20:01:40] INFO: [GET] /api/notifications - ::1
[2026-09-09 20:01:40] WARN: MQTT reconnecting...
[2026-09-09 20:01:40] ERROR: MQTT error:
[2026-09-09 20:01:42] INFO: [GET] /api/notifications - ::1
[2026-09-09 20:01:42] INFO: [GET] /api/history/admin/all?page=1&limit=15&search=&status= - ::1
[2026-09-09 20:01:42] INFO: [GET] /api/history/admin/guest-sessions?page=1&limit=50 - ::1
[2026-09-09 20:01:43] INFO: [GET] /api/notifications - ::1
[2026-09-09 20:01:43] INFO: [GET] /api/payment/transactions/all?page=1&limit=15&search=&type=&status= - ::1
[2026-09-09 20:01:45] INFO: [GET] /api/notifications - ::1
[2026-09-09 20:01:45] INFO: [GET] /api/camera/records/latest - ::1
[2026-09-09 20:01:45] INFO: [GET] /api/camera/records?page=1&limit=15 - ::1
[2026-09-09 20:01:45] WARN: MQTT reconnecting...
[2026-09-09 20:01:45] ERROR: MQTT error:
[2026-09-09 20:01:49] INFO: [GET] /api/notifications - ::1
[2026-09-09 20:01:49] INFO: [GET] /api/admin/users?page=1&limit=15&search=&role=&status= - ::1
[2026-09-09 20:01:50] INFO: [GET] /api/notifications - ::1
[2026-09-09 20:01:50] INFO: [GET] /api/admin/vehicles?page=1&limit=15&search= - ::1
[2026-09-09 20:01:50] INFO: [GET] /api/rfid/cards?page=1&limit=20 - ::1
[2026-09-09 20:01:50] WARN: MQTT reconnecting...
[2026-09-09 20:01:50] ERROR: MQTT error:
[2026-09-09 20:01:52] INFO: [GET] /api/admin/vehicles?page=1&limit=15&search=admin%40smartparking.com - ::1
[2026-09-09 20:01:53] INFO: [GET] /api/notifications - ::1
[2026-09-09 20:01:53] INFO: [GET] /api/statistics/revenue?days=30 - ::1
[2026-09-09 20:01:53] INFO: [GET] /api/statistics/peak-hours - ::1
[2026-09-09 20:01:53] INFO: [GET] /api/statistics/dashboard - ::1
[2026-09-09 20:01:55] INFO: [GET] /api/notifications - ::1
[2026-09-09 20:01:55] INFO: [GET] /api/admin/system-logs?page=1&limit=20&search=&type=&level= - ::1
[2026-09-09 20:01:55] WARN: MQTT reconnecting...
[2026-09-09 20:01:55] ERROR: MQTT error:
[2026-09-09 20:01:57] INFO: [GET] /api/notifications - ::1
[2026-09-09 20:01:57] INFO: [GET] /api/statistics/dashboard - ::1
[2026-09-09 20:01:57] INFO: [GET] /api/parking/slots - ::1
[2026-09-09 20:01:57] INFO: [GET] /api/statistics/revenue?days=7 - ::1
[2026-09-09 20:02:00] WARN: MQTT reconnecting...
[2026-09-09 20:02:00] ERROR: MQTT error:
[2026-09-09 20:02:05] WARN: MQTT reconnecting...
[2026-09-09 20:02:05] ERROR: MQTT error:
[2026-09-09 20:02:10] WARN: MQTT reconnecting...
[2026-09-09 20:02:10] ERROR: MQTT error:
[2026-09-09 20:02:15] WARN: MQTT reconnecting...
[2026-09-09 20:02:15] ERROR: MQTT error:
[2026-09-09 20:02:20] WARN: MQTT reconnecting...
[2026-09-09 20:02:20] ERROR: MQTT error:
[2026-09-09 20:02:25] WARN: MQTT reconnecting...
[2026-09-09 20:02:25] ERROR: MQTT error:
[2026-09-09 20:02:28] INFO: [GET] /api/statistics/dashboard - ::1
[2026-09-09 20:02:28] INFO: [GET] /api/parking/slots - ::1
[2026-09-09 20:02:28] INFO: [GET] /api/statistics/revenue?days=7 - ::1
[2026-09-09 20:02:30] WARN: MQTT reconnecting...
[2026-09-09 20:02:30] ERROR: MQTT error:
[2026-09-09 20:02:35] WARN: MQTT reconnecting...
[2026-09-09 20:02:35] ERROR: MQTT error:
[2026-09-09 20:02:40] WARN: MQTT reconnecting...
[2026-09-09 20:02:40] ERROR: MQTT error:
[2026-09-09 20:02:45] WARN: MQTT reconnecting...
[2026-09-09 20:02:45] ERROR: MQTT error:
[2026-09-09 20:02:50] WARN: MQTT reconnecting...
[2026-09-09 20:02:50] ERROR: MQTT error:
[2026-09-09 20:02:55] WARN: MQTT reconnecting...
[2026-09-09 20:02:55] ERROR: MQTT error:
[2026-09-09 20:02:57] INFO: [GET] /api/statistics/dashboard - ::1
[2026-09-09 20:02:57] INFO: [GET] /api/parking/slots - ::1
[2026-09-09 20:02:57] INFO: [GET] /api/statistics/revenue?days=7 - ::1
[2026-09-09 20:03:00] WARN: MQTT reconnecting...
[2026-09-09 20:03:00] ERROR: MQTT error:
[2026-09-09 20:03:05] WARN: MQTT reconnecting...
[2026-09-09 20:03:05] ERROR: MQTT error:
[2026-09-09 20:03:10] WARN: MQTT reconnecting...
[2026-09-09 20:03:10] ERROR: MQTT error:
[2026-09-09 20:03:15] WARN: MQTT reconnecting...
[2026-09-09 20:03:15] ERROR: MQTT error:
[2026-09-09 20:03:20] WARN: MQTT reconnecting...
[2026-09-09 20:03:20] ERROR: MQTT error:
[2026-09-09 20:03:25] WARN: MQTT reconnecting...
[2026-09-09 20:03:25] ERROR: MQTT error:
[2026-09-09 20:03:27] INFO: [GET] /api/statistics/dashboard - ::1
[2026-09-09 20:03:27] INFO: [GET] /api/parking/slots - ::1
[2026-09-09 20:03:27] INFO: [GET] /api/statistics/revenue?days=7 - ::1
[2026-09-09 20:03:31] WARN: MQTT reconnecting...
[2026-09-09 20:03:31] ERROR: MQTT error:
[2026-09-09 20:03:31] INFO: [POST] /api/devices/light/control - ::1
[2026-09-09 20:03:31] ERROR: [ERROR] POST /api/devices/light/control: getMqttClient is not a function
TypeError: getMqttClient is not a function
    at publish (C:\Users\ADMIN\Downloads\Thiet ke ht IOT\BÀi tập lớn\backend_csdl\src\mqtt\mqttPublisher.js:9:18)
    at publishLightOff (C:\Users\ADMIN\Downloads\Thiet ke ht IOT\BÀi tập lớn\backend_csdl\src\mqtt\mqttPublisher.js:45:10)
    at controlLight (C:\Users\ADMIN\Downloads\Thiet ke ht IOT\BÀi tập lớn\backend_csdl\src\controllers\deviceController.js:88:24)
    at Layer.handle [as handle_request] (C:\Users\ADMIN\Downloads\Thiet ke ht IOT\BÀi tập lớn\backend_csdl\node_modules\express\lib\router\layer.js:95:5)
    at next (C:\Users\ADMIN\Downloads\Thiet ke ht IOT\BÀi tập lớn\backend_csdl\node_modules\express\lib\router\route.js:149:13)
    at requireAdmin (C:\Users\ADMIN\Downloads\Thiet ke ht IOT\BÀi tập lớn\backend_csdl\src\middleware\auth.js:52:3)
    at Layer.handle [as handle_request] (C:\Users\ADMIN\Downloads\Thiet ke ht IOT\BÀi tập lớn\backend_csdl\node_modules\express\lib\router\layer.js:95:5)
    at next (C:\Users\ADMIN\Downloads\Thiet ke ht IOT\BÀi tập lớn\backend_csdl\node_modules\express\lib\router\route.js:149:13)
    at authenticate (C:\Users\ADMIN\Downloads\Thiet ke ht IOT\BÀi tập lớn\backend_csdl\src\middleware\auth.js:33:5)
    at process.processTicksAndRejections (node:internal/process/task_queues:105:5)
[2026-09-09 20:03:35] INFO: [POST] /api/devices/barrier/control - ::1
[2026-09-09 20:03:36] WARN: MQTT reconnecting...
[2026-09-09 20:03:36] ERROR: MQTT error:
[2026-09-09 20:03:41] WARN: MQTT reconnecting...
[2026-09-09 20:03:41] ERROR: MQTT error:
[2026-09-09 20:03:45] INFO: [GET] /api/notifications - ::1
[2026-09-09 20:03:45] INFO: [GET] /api/parking/slots - ::1
[2026-09-09 20:03:45] INFO: [GET] /api/devices - ::1
[2026-09-09 20:03:45] INFO: [GET] /api/parking/slots/summary - ::1
[2026-09-09 20:03:46] WARN: MQTT reconnecting...
[2026-09-09 20:03:46] ERROR: MQTT error:
[2026-09-09 20:03:51] WARN: MQTT reconnecting...
[2026-09-09 20:03:51] ERROR: MQTT error:
[2026-09-09 20:03:53] INFO: [GET] /api/notifications - ::1
[2026-09-09 20:03:53] INFO: [GET] /api/devices - ::1
[2026-09-09 20:03:56] WARN: MQTT reconnecting...
[2026-09-09 20:03:56] ERROR: MQTT error:
[2026-09-09 20:04:00] INFO: [GET] /api/notifications - ::1
[2026-09-09 20:04:00] INFO: [GET] /api/devices - ::1
[2026-09-09 20:04:00] INFO: [GET] /api/devices/logs/all - ::1
[2026-09-09 20:04:01] WARN: MQTT reconnecting...
[2026-09-09 20:04:01] ERROR: MQTT error:
[2026-09-09 20:04:06] WARN: MQTT reconnecting...
[2026-09-09 20:04:06] ERROR: MQTT error:
[2026-09-09 20:04:07] INFO: [GET] /api/notifications - ::1
[2026-09-09 20:04:10] INFO: [GET] /api/bookings/all?page=1&limit=10&search=admin%40smartparking.com&status=&sort_by=created_at&sort_order=desc - ::1
[2026-09-09 20:04:11] WARN: MQTT reconnecting...
[2026-09-09 20:04:11] ERROR: MQTT error:
[2026-09-09 20:04:15] INFO: [GET] /api/notifications - ::1
[2026-09-09 20:04:15] INFO: [GET] /api/history/admin/all?page=1&limit=15&search=&status= - ::1
[2026-09-09 20:04:15] INFO: [GET] /api/history/admin/guest-sessions?page=1&limit=50 - ::1
[2026-09-09 20:04:16] WARN: MQTT reconnecting...
[2026-09-09 20:04:16] ERROR: MQTT error:
[2026-09-09 20:04:17] INFO: [GET] /api/history/admin/all?page=1&limit=15&search=admin%40smartparking.com&status= - ::1
[2026-09-09 20:04:17] INFO: [GET] /api/history/admin/guest-sessions?page=1&limit=50 - ::1
[2026-09-09 20:04:21] WARN: MQTT reconnecting...
[2026-09-09 20:04:21] ERROR: MQTT error:
[2026-09-09 20:04:24] INFO: [GET] /api/notifications - ::1
[2026-09-09 20:04:24] INFO: [GET] /api/payment/transactions/all?page=1&limit=15&search=&type=&status= - ::1
[2026-09-09 20:04:26] WARN: MQTT reconnecting...
[2026-09-09 20:04:26] ERROR: MQTT error:
[2026-09-09 20:04:27] INFO: [GET] /api/notifications - ::1
[2026-09-09 20:04:27] INFO: [GET] /api/camera/records/latest - ::1
[2026-09-09 20:04:27] INFO: [GET] /api/camera/records?page=1&limit=15 - ::1
[2026-09-09 20:04:30] INFO: [GET] /api/notifications - ::1
[2026-09-09 20:04:30] INFO: [GET] /api/admin/users?page=1&limit=15&search=&role=&status= - ::1
[2026-09-09 20:04:31] WARN: MQTT reconnecting...
[2026-09-09 20:04:31] ERROR: MQTT error:
[2026-09-09 20:04:31] INFO: [GET] /api/notifications - ::1
[2026-09-09 20:04:31] INFO: [GET] /api/admin/vehicles?page=1&limit=15&search= - ::1
[2026-09-09 20:04:31] INFO: [GET] /api/rfid/cards?page=1&limit=20 - ::1
[2026-09-09 20:04:32] INFO: [GET] /api/admin/vehicles?page=1&limit=15&search=admin%40smartparking.com - ::1
[2026-09-09 20:04:33] INFO: [GET] /api/notifications - ::1
[2026-09-09 20:04:33] INFO: [GET] /api/statistics/revenue?days=30 - ::1
[2026-09-09 20:04:33] INFO: [GET] /api/statistics/peak-hours - ::1
[2026-09-09 20:04:33] INFO: [GET] /api/statistics/dashboard - ::1
[2026-09-09 20:04:33] INFO: [GET] /api/notifications - ::1
[2026-09-09 20:04:33] INFO: [GET] /api/admin/system-logs?page=1&limit=20&search=&type=&level= - ::1
[2026-09-09 20:04:35] INFO: [GET] /api/notifications - ::1
[2026-09-09 20:04:35] INFO: [GET] /api/statistics/dashboard - ::1
[2026-09-09 20:04:35] INFO: [GET] /api/parking/slots - ::1
[2026-09-09 20:04:36] INFO: [GET] /api/statistics/revenue?days=7 - ::1
[2026-09-09 20:04:36] WARN: MQTT reconnecting...
[2026-09-09 20:04:36] ERROR: MQTT error:
[2026-09-09 20:04:41] WARN: MQTT reconnecting...
[2026-09-09 20:04:41] ERROR: MQTT error:
[2026-09-09 20:04:41] INFO: [GET] /api/notifications - ::1
[2026-09-09 20:04:41] INFO: [GET] /api/parking/slots - ::1
[2026-09-09 20:04:41] INFO: [GET] /api/devices - ::1
[2026-09-09 20:04:41] INFO: [GET] /api/parking/slots/summary - ::1
[2026-09-09 20:04:46] WARN: MQTT reconnecting...
[2026-09-09 20:04:46] ERROR: MQTT error:
[2026-09-09 20:04:48] INFO: [GET] /api/notifications - ::1
[2026-09-09 20:04:48] INFO: [GET] /api/admin/users?page=1&limit=15&search=&role=&status= - ::1
[2026-09-09 20:04:50] INFO: [GET] /api/admin/users?page=1&limit=15&search=admin%40smartparking.com&role=&status= - ::1
[2026-09-09 20:04:51] WARN: MQTT reconnecting...
[2026-09-09 20:04:51] ERROR: MQTT error:
[2026-09-09 20:04:53] INFO: [GET] /api/admin/users?page=1&limit=15&search=&role=&status= - ::1
[2026-09-09 20:04:54] INFO: [GET] /api/admin/users?page=1&limit=15&search=a&role=&status= - ::1
[2026-09-09 20:04:56] WARN: MQTT reconnecting...
[2026-09-09 20:04:56] ERROR: MQTT error:
[2026-09-09 20:05:01] WARN: MQTT reconnecting...
[2026-09-09 20:05:01] ERROR: MQTT error:
[2026-09-09 20:05:01] INFO: [GET] /api/notifications - ::1
[2026-09-09 20:05:01] INFO: [GET] /api/admin/vehicles?page=1&limit=15&search= - ::1
[2026-09-09 20:05:01] INFO: [GET] /api/rfid/cards?page=1&limit=20 - ::1
[2026-09-09 20:05:02] INFO: [GET] /api/notifications - ::1
[2026-09-09 20:05:02] INFO: [GET] /api/admin/users?page=1&limit=15&search=&role=&status= - ::1
[2026-09-09 20:05:06] WARN: MQTT reconnecting...
[2026-09-09 20:05:06] ERROR: MQTT error:
[2026-09-09 20:05:11] WARN: MQTT reconnecting...
[2026-09-09 20:05:11] ERROR: MQTT error:
[2026-09-09 20:05:16] WARN: MQTT reconnecting...
[2026-09-09 20:05:16] ERROR: MQTT error:
[2026-09-09 20:05:21] WARN: MQTT reconnecting...
[2026-09-09 20:05:21] ERROR: MQTT error:
[2026-09-09 20:05:26] WARN: MQTT reconnecting...
[2026-09-09 20:05:26] ERROR: MQTT error:
[2026-09-09 20:05:31] WARN: MQTT reconnecting...
[2026-09-09 20:05:31] ERROR: MQTT error:
[2026-09-09 20:05:36] WARN: MQTT reconnecting...
[2026-09-09 20:05:36] ERROR: MQTT error:
[2026-09-09 20:05:41] WARN: MQTT reconnecting...
[2026-09-09 20:05:41] ERROR: MQTT error:
[2026-09-09 20:05:46] WARN: MQTT reconnecting...
[2026-09-09 20:05:46] ERROR: MQTT error:
[2026-09-09 20:05:51] WARN: MQTT reconnecting...
[2026-09-09 20:05:51] ERROR: MQTT error:
[2026-09-09 20:05:56] WARN: MQTT reconnecting...
[2026-09-09 20:05:56] ERROR: MQTT error:
[2026-09-09 20:06:01] WARN: MQTT reconnecting...
[2026-09-09 20:06:01] ERROR: MQTT error:
[2026-09-09 20:06:06] WARN: MQTT reconnecting...
[2026-09-09 20:06:06] ERROR: MQTT error:
[2026-09-09 20:06:11] WARN: MQTT reconnecting...
[2026-09-09 20:06:11] ERROR: MQTT error:
[2026-09-09 20:06:16] WARN: MQTT reconnecting...
[2026-09-09 20:06:16] ERROR: MQTT error:
[2026-09-09 20:06:21] WARN: MQTT reconnecting...
[2026-09-09 20:06:21] ERROR: MQTT error:
[2026-09-09 20:06:26] WARN: MQTT reconnecting...
[2026-09-09 20:06:26] ERROR: MQTT error:
[2026-09-09 20:06:27] INFO: [GET] /api/notifications - ::1
[2026-09-09 20:06:27] INFO: [GET] /api/statistics/dashboard - ::1
[2026-09-09 20:06:27] INFO: [GET] /api/parking/slots - ::1
[2026-09-09 20:06:27] INFO: [GET] /api/statistics/revenue?days=7 - ::1
[2026-09-09 20:06:31] WARN: MQTT reconnecting...
[2026-09-09 20:06:31] ERROR: MQTT error:
[2026-09-09 20:06:36] WARN: MQTT reconnecting...
[2026-09-09 20:06:36] ERROR: MQTT error:
[2026-09-09 20:06:41] WARN: MQTT reconnecting...
[2026-09-09 20:06:41] ERROR: MQTT error:
[2026-09-09 20:06:45] INFO: [POST] /api/auth/login - ::1
[2026-09-09 20:06:46] WARN: MQTT reconnecting...
[2026-09-09 20:06:46] ERROR: MQTT error:
[2026-09-09 20:06:51] WARN: MQTT reconnecting...
[2026-09-09 20:06:51] ERROR: MQTT error:
[2026-09-09 20:06:56] WARN: MQTT reconnecting...
[2026-09-09 20:06:56] ERROR: MQTT error:
[2026-09-09 20:06:58] INFO: [GET] /api/statistics/dashboard - ::1
[2026-09-09 20:06:58] INFO: [GET] /api/parking/slots - ::1
[2026-09-09 20:06:58] INFO: [GET] /api/statistics/revenue?days=7 - ::1
[2026-09-09 20:07:01] WARN: MQTT reconnecting...
[2026-09-09 20:07:01] ERROR: MQTT error:
[2026-09-09 20:07:06] WARN: MQTT reconnecting...
[2026-09-09 20:07:06] ERROR: MQTT error:
[2026-09-09 20:07:11] WARN: MQTT reconnecting...
[2026-09-09 20:07:11] ERROR: MQTT error:
[2026-09-09 20:07:16] WARN: MQTT reconnecting...
[2026-09-09 20:07:16] ERROR: MQTT error:
[2026-09-09 20:07:16] INFO: [GET] /api/notifications - ::1
[2026-09-09 20:07:16] INFO: [GET] /api/admin/users?page=1&limit=15&search=&role=&status= - ::1
[2026-09-09 20:07:21] INFO: [GET] /api/admin/users?page=1&limit=15&search=admin%40smartparking.com&role=&status= - ::1
[2026-09-09 20:07:21] WARN: MQTT reconnecting...
[2026-09-09 20:07:21] ERROR: MQTT error:
[2026-09-09 20:07:26] WARN: MQTT reconnecting...
[2026-09-09 20:07:26] ERROR: MQTT error:
[2026-09-09 20:07:31] WARN: MQTT reconnecting...
[2026-09-09 20:07:31] ERROR: MQTT error:
[2026-09-09 20:07:36] WARN: MQTT reconnecting...
[2026-09-09 20:07:36] ERROR: MQTT error:
[2026-09-09 20:07:41] WARN: MQTT reconnecting...
[2026-09-09 20:07:41] ERROR: MQTT error:
[2026-09-09 20:07:46] WARN: MQTT reconnecting...
[2026-09-09 20:07:46] ERROR: MQTT error:
[2026-09-09 20:07:51] WARN: MQTT reconnecting...
[2026-09-09 20:07:51] ERROR: MQTT error:
[2026-09-09 20:07:56] WARN: MQTT reconnecting...
[2026-09-09 20:07:56] ERROR: MQTT error:
[2026-09-09 20:08:01] WARN: MQTT reconnecting...
[2026-09-09 20:08:01] ERROR: MQTT error:
[2026-09-09 20:08:06] INFO: [POST] /api/auth/login - ::1
[2026-09-09 20:08:06] WARN: MQTT reconnecting...
[2026-09-09 20:08:07] ERROR: MQTT error:
[2026-09-09 20:08:07] INFO: [GET] /api/users?page=1&limit=15 - ::1
[2026-09-09 20:08:12] WARN: MQTT reconnecting...
[2026-09-09 20:08:12] ERROR: MQTT error:
[2026-09-09 20:08:17] WARN: MQTT reconnecting...
[2026-09-09 20:08:17] ERROR: MQTT error:
[2026-09-09 20:08:22] WARN: MQTT reconnecting...
[2026-09-09 20:08:22] ERROR: MQTT error:
[2026-09-09 20:08:27] WARN: MQTT reconnecting...
[2026-09-09 20:08:27] ERROR: MQTT error:
[2026-09-09 20:08:32] WARN: MQTT reconnecting...
[2026-09-09 20:08:32] ERROR: MQTT error:
[2026-09-09 20:08:37] WARN: MQTT reconnecting...
[2026-09-09 20:08:37] ERROR: MQTT error:
[2026-09-09 20:08:42] WARN: MQTT reconnecting...
[2026-09-09 20:08:42] ERROR: MQTT error:
[2026-09-09 20:08:47] WARN: MQTT reconnecting...
[2026-09-09 20:08:47] ERROR: MQTT error:
[2026-09-09 20:08:52] WARN: MQTT reconnecting...
[2026-09-09 20:08:52] ERROR: MQTT error:
[2026-09-09 20:08:57] WARN: MQTT reconnecting...
[2026-09-09 20:08:57] ERROR: MQTT error:
[2026-09-09 20:11:26] INFO: 📁 Serving static web from: C:\Users\ADMIN\Downloads\Thiet ke ht IOT\BÀi tập lớn\web
[2026-09-09 20:11:26] INFO: ✅ MySQL Database connected
[2026-09-09 20:11:26] INFO: ✅ Socket.IO initialized
[2026-09-09 20:11:26] INFO: ✅ MQTT client connecting...
[2026-09-09 20:11:26] INFO: ✅ Smart Parking Backend running on port 3000
[2026-09-09 20:11:26] INFO:    Environment: development
[2026-09-09 20:11:26] INFO:    API Base URL: http://localhost:3000/api
[2026-09-09 20:11:26] ERROR: MQTT error:
[2026-09-09 20:11:26] WARN: MQTT client offline
[2026-09-09 20:11:31] WARN: MQTT reconnecting...
[2026-09-09 20:11:31] ERROR: MQTT error:
[2026-09-09 20:11:34] INFO: [GET] /api/notifications - ::1
[2026-09-09 20:11:34] INFO: [GET] /api/statistics/dashboard - ::1
[2026-09-09 20:11:34] INFO: [GET] /api/parking/slots - ::1
[2026-09-09 20:11:34] INFO: [GET] /api/statistics/revenue?days=7 - ::1
[2026-09-09 20:11:36] WARN: MQTT reconnecting...
[2026-09-09 20:11:36] ERROR: MQTT error:
[2026-09-09 20:11:41] WARN: MQTT reconnecting...
[2026-09-09 20:11:41] ERROR: MQTT error:
[2026-09-09 20:11:41] INFO: [POST] /api/auth/logout - ::1
[2026-09-09 20:11:42] INFO: [POST] /api/auth/login - ::1
[2026-09-09 20:11:44] INFO: [GET] /api/notifications - ::1
[2026-09-09 20:11:44] INFO: [GET] /api/statistics/dashboard - ::1
[2026-09-09 20:11:44] INFO: [GET] /api/parking/slots - ::1
[2026-09-09 20:11:44] INFO: [GET] /api/statistics/revenue?days=7 - ::1
[2026-09-09 20:11:46] WARN: MQTT reconnecting...
[2026-09-09 20:11:46] ERROR: MQTT error:
[2026-09-09 20:11:51] WARN: MQTT reconnecting...
[2026-09-09 20:11:51] ERROR: MQTT error:
[2026-09-09 20:11:52] INFO: [GET] /api/notifications - ::1
[2026-09-09 20:11:52] INFO: [GET] /api/users?page=1&limit=15&search=&role=&status= - ::1
[2026-09-09 20:11:54] INFO: [GET] /api/notifications - ::1
[2026-09-09 20:11:54] INFO: [GET] /api/vehicles?page=1&limit=15&search= - ::1
[2026-09-09 20:11:54] INFO: [GET] /api/rfid/cards?page=1&limit=20 - ::1
[2026-09-09 20:11:56] WARN: MQTT reconnecting...
[2026-09-09 20:11:56] ERROR: MQTT error:
[2026-09-09 20:11:56] INFO: [GET] /api/vehicles?page=1&limit=15&search=admin%40smartparking.com - ::1
[2026-09-09 20:11:56] INFO: [GET] /api/notifications - ::1
[2026-09-09 20:12:01] WARN: MQTT reconnecting...
[2026-09-09 20:12:01] ERROR: MQTT error:
[2026-09-09 20:12:02] INFO: [GET] /api/notifications - ::1
[2026-09-09 20:12:02] INFO: [GET] /api/history/admin/all?page=1&limit=15&search=&status= - ::1
[2026-09-09 20:12:02] INFO: [GET] /api/history/admin/guest-sessions?page=1&limit=50 - ::1
[2026-09-09 20:12:03] INFO: [GET] /api/notifications - ::1
[2026-09-09 20:12:03] INFO: [GET] /api/payment/transactions/all?page=1&limit=15&search=&type=&status= - ::1
[2026-09-09 20:12:06] WARN: MQTT reconnecting...
[2026-09-09 20:12:06] ERROR: MQTT error:
[2026-09-09 20:12:11] WARN: MQTT reconnecting...
[2026-09-09 20:12:11] ERROR: MQTT error:
[2026-09-09 20:12:16] WARN: MQTT reconnecting...
[2026-09-09 20:12:16] ERROR: MQTT error:
[2026-09-09 20:12:21] WARN: MQTT reconnecting...
[2026-09-09 20:12:21] ERROR: MQTT error:
[2026-09-09 20:12:26] WARN: MQTT reconnecting...
[2026-09-09 20:12:26] ERROR: MQTT error:
[2026-09-09 20:12:31] WARN: MQTT reconnecting...
[2026-09-09 20:12:31] ERROR: MQTT error:
[2026-09-09 20:12:36] WARN: MQTT reconnecting...
[2026-09-09 20:12:36] ERROR: MQTT error:
[2026-09-09 20:12:41] WARN: MQTT reconnecting...
[2026-09-09 20:12:41] ERROR: MQTT error:
[2026-09-09 20:12:46] WARN: MQTT reconnecting...
[2026-09-09 20:12:46] ERROR: MQTT error:
[2026-09-09 20:12:51] WARN: MQTT reconnecting...
[2026-09-09 20:12:51] ERROR: MQTT error:
[2026-09-09 20:12:56] WARN: MQTT reconnecting...
[2026-09-09 20:12:56] ERROR: MQTT error:
[2026-09-09 20:13:01] WARN: MQTT reconnecting...
[2026-09-09 20:13:01] ERROR: MQTT error:
[2026-09-09 20:13:06] WARN: MQTT reconnecting...
[2026-09-09 20:13:06] ERROR: MQTT error:
[2026-09-09 20:13:11] WARN: MQTT reconnecting...
[2026-09-09 20:13:11] ERROR: MQTT error:
[2026-09-09 20:13:16] WARN: MQTT reconnecting...
[2026-09-09 20:13:16] ERROR: MQTT error:
[2026-09-09 20:13:21] WARN: MQTT reconnecting...
[2026-09-09 20:13:21] ERROR: MQTT error:
[2026-09-09 20:13:26] WARN: MQTT reconnecting...
[2026-09-09 20:13:26] ERROR: MQTT error:
[2026-09-09 20:13:31] WARN: MQTT reconnecting...
[2026-09-09 20:13:31] ERROR: MQTT error:
[2026-09-09 20:13:36] WARN: MQTT reconnecting...
[2026-09-09 20:13:36] ERROR: MQTT error:
[2026-09-09 20:13:41] WARN: MQTT reconnecting...
[2026-09-09 20:13:41] ERROR: MQTT error:
[2026-09-09 20:13:46] WARN: MQTT reconnecting...
[2026-09-09 20:13:46] ERROR: MQTT error:
[2026-09-09 20:13:51] WARN: MQTT reconnecting...
[2026-09-09 20:13:51] ERROR: MQTT error:
[2026-09-09 20:13:56] WARN: MQTT reconnecting...
[2026-09-09 20:13:56] ERROR: MQTT error:
[2026-09-09 20:14:01] WARN: MQTT reconnecting...
[2026-09-09 20:14:01] ERROR: MQTT error:
[2026-09-09 20:14:06] WARN: MQTT reconnecting...
[2026-09-09 20:14:06] ERROR: MQTT error:
[2026-09-09 20:14:11] WARN: MQTT reconnecting...
[2026-09-09 20:14:11] ERROR: MQTT error:
[2026-09-09 20:14:16] WARN: MQTT reconnecting...
[2026-09-09 20:14:16] ERROR: MQTT error:
[2026-09-09 20:14:21] WARN: MQTT reconnecting...
[2026-09-09 20:14:21] ERROR: MQTT error:
[2026-09-09 20:14:26] WARN: MQTT reconnecting...
[2026-09-09 20:14:26] ERROR: MQTT error:
[2026-09-09 20:14:31] WARN: MQTT reconnecting...
[2026-09-09 20:14:31] ERROR: MQTT error:
[2026-09-09 20:14:36] WARN: MQTT reconnecting...
[2026-09-09 20:14:36] ERROR: MQTT error:
[2026-09-09 20:14:41] WARN: MQTT reconnecting...
[2026-09-09 20:14:41] ERROR: MQTT error:
[2026-09-09 20:14:46] WARN: MQTT reconnecting...
[2026-09-09 20:14:46] ERROR: MQTT error:
[2026-09-09 20:14:51] WARN: MQTT reconnecting...
[2026-09-09 20:14:51] ERROR: MQTT error:
[2026-09-09 20:14:56] INFO: [GET] /api/notifications - ::1
[2026-09-09 20:14:56] INFO: [GET] /api/statistics/dashboard - ::1
[2026-09-09 20:14:56] INFO: [GET] /api/parking/slots - ::1
[2026-09-09 20:14:56] INFO: [GET] /api/statistics/revenue?days=7 - ::1
[2026-09-09 20:14:56] WARN: MQTT reconnecting...
[2026-09-09 20:14:56] ERROR: MQTT error:
[2026-09-09 20:15:01] WARN: MQTT reconnecting...
[2026-09-09 20:15:01] ERROR: MQTT error:
[2026-09-09 20:15:06] WARN: MQTT reconnecting...
[2026-09-09 20:15:06] ERROR: MQTT error:
[2026-09-09 20:15:11] WARN: MQTT reconnecting...
[2026-09-09 20:15:11] ERROR: MQTT error:
[2026-09-09 20:15:16] WARN: MQTT reconnecting...
[2026-09-09 20:15:16] ERROR: MQTT error:
[2026-09-09 20:15:21] WARN: MQTT reconnecting...
[2026-09-09 20:15:21] ERROR: MQTT error:
[2026-09-09 20:15:26] WARN: MQTT reconnecting...
[2026-09-09 20:15:26] ERROR: MQTT error:
[2026-09-09 20:15:27] INFO: [GET] /api/statistics/dashboard - ::1
[2026-09-09 20:15:27] INFO: [GET] /api/parking/slots - ::1
[2026-09-09 20:15:27] INFO: [GET] /api/statistics/revenue?days=7 - ::1
[2026-09-09 20:15:31] WARN: MQTT reconnecting...
[2026-09-09 20:15:31] ERROR: MQTT error:
[2026-09-09 20:15:36] WARN: MQTT reconnecting...
[2026-09-09 20:15:36] ERROR: MQTT error:
[2026-09-09 20:15:42] WARN: MQTT reconnecting...
[2026-09-09 20:15:42] ERROR: MQTT error:
[2026-09-09 20:15:47] WARN: MQTT reconnecting...
[2026-09-09 20:15:47] ERROR: MQTT error:
[2026-09-09 20:15:52] WARN: MQTT reconnecting...
[2026-09-09 20:15:52] ERROR: MQTT error:
[2026-09-09 20:15:57] WARN: MQTT reconnecting...
[2026-09-09 20:15:57] ERROR: MQTT error:
[2026-09-09 20:15:57] INFO: [GET] /api/statistics/dashboard - ::1
[2026-09-09 20:15:57] INFO: [GET] /api/parking/slots - ::1
[2026-09-09 20:15:57] INFO: [GET] /api/statistics/revenue?days=7 - ::1
[2026-09-09 20:16:02] WARN: MQTT reconnecting...
[2026-09-09 20:16:02] ERROR: MQTT error:
[2026-09-09 20:16:07] WARN: MQTT reconnecting...
[2026-09-09 20:16:07] ERROR: MQTT error:
[2026-09-09 20:16:12] WARN: MQTT reconnecting...
[2026-09-09 20:16:12] ERROR: MQTT error:
[2026-09-09 20:16:17] WARN: MQTT reconnecting...
[2026-09-09 20:16:17] ERROR: MQTT error:
[2026-09-09 20:16:22] WARN: MQTT reconnecting...
[2026-09-09 20:16:22] ERROR: MQTT error:
[2026-09-09 20:16:27] WARN: MQTT reconnecting...
[2026-09-09 20:16:27] ERROR: MQTT error:
[2026-09-09 20:16:27] INFO: [GET] /api/statistics/dashboard - ::1
[2026-09-09 20:16:27] INFO: [GET] /api/parking/slots - ::1
[2026-09-09 20:16:27] INFO: [GET] /api/statistics/revenue?days=7 - ::1
[2026-09-09 20:16:32] WARN: MQTT reconnecting...
[2026-09-09 20:16:32] ERROR: MQTT error:
[2026-09-09 20:16:37] WARN: MQTT reconnecting...
[2026-09-09 20:16:37] ERROR: MQTT error:
[2026-09-09 20:16:42] WARN: MQTT reconnecting...
[2026-09-09 20:16:42] ERROR: MQTT error:
[2026-09-09 20:16:47] WARN: MQTT reconnecting...
[2026-09-09 20:16:47] ERROR: MQTT error:
[2026-09-09 20:16:52] WARN: MQTT reconnecting...
[2026-09-09 20:16:52] ERROR: MQTT error:
[2026-09-09 20:16:57] WARN: MQTT reconnecting...
[2026-09-09 20:16:57] ERROR: MQTT error:
[2026-09-09 20:16:57] INFO: [GET] /api/statistics/dashboard - ::1
[2026-09-09 20:16:57] INFO: [GET] /api/parking/slots - ::1
[2026-09-09 20:16:57] INFO: [GET] /api/statistics/revenue?days=7 - ::1
[2026-09-09 20:17:02] WARN: MQTT reconnecting...
[2026-09-09 20:17:02] ERROR: MQTT error:
[2026-09-09 20:17:07] WARN: MQTT reconnecting...
[2026-09-09 20:17:07] ERROR: MQTT error:
[2026-09-09 20:17:12] WARN: MQTT reconnecting...
[2026-09-09 20:17:12] ERROR: MQTT error:
[2026-09-09 20:17:17] WARN: MQTT reconnecting...
[2026-09-09 20:17:17] ERROR: MQTT error:
[2026-09-09 20:17:22] WARN: MQTT reconnecting...
[2026-09-09 20:17:22] ERROR: MQTT error:
[2026-09-09 20:17:27] INFO: [GET] /api/statistics/dashboard - ::1
[2026-09-09 20:17:27] INFO: [GET] /api/parking/slots - ::1
[2026-09-09 20:17:27] INFO: [GET] /api/statistics/revenue?days=7 - ::1
[2026-09-09 20:17:27] WARN: MQTT reconnecting...
[2026-09-09 20:17:27] ERROR: MQTT error:
[2026-09-09 20:17:32] WARN: MQTT reconnecting...
[2026-09-09 20:17:32] ERROR: MQTT error:
[2026-09-09 20:17:37] WARN: MQTT reconnecting...
[2026-09-09 20:17:37] ERROR: MQTT error:
[2026-09-09 20:17:42] WARN: MQTT reconnecting...
[2026-09-09 20:17:42] ERROR: MQTT error:
[2026-09-09 20:17:47] WARN: MQTT reconnecting...
[2026-09-09 20:17:47] ERROR: MQTT error:
[2026-09-09 20:17:52] WARN: MQTT reconnecting...
[2026-09-09 20:17:52] ERROR: MQTT error:
[2026-09-09 20:17:57] INFO: [GET] /api/parking/slots - ::1
[2026-09-09 20:17:57] INFO: [GET] /api/statistics/dashboard - ::1
[2026-09-09 20:17:57] INFO: [GET] /api/statistics/revenue?days=7 - ::1
[2026-09-09 20:17:57] WARN: MQTT reconnecting...
[2026-09-09 20:17:57] ERROR: MQTT error:
[2026-09-09 20:18:02] WARN: MQTT reconnecting...
[2026-09-09 20:18:02] ERROR: MQTT error:
[2026-09-09 20:18:07] WARN: MQTT reconnecting...
[2026-09-09 20:18:07] ERROR: MQTT error:
[2026-09-09 20:18:12] WARN: MQTT reconnecting...
[2026-09-09 20:18:12] ERROR: MQTT error:
[2026-09-09 20:18:17] WARN: MQTT reconnecting...
[2026-09-09 20:18:17] ERROR: MQTT error:
[2026-09-09 20:18:22] WARN: MQTT reconnecting...
[2026-09-09 20:18:22] ERROR: MQTT error:
[2026-09-09 20:18:27] WARN: MQTT reconnecting...
[2026-09-09 20:18:27] ERROR: MQTT error:
[2026-09-09 20:18:30] INFO: [GET] /api/statistics/dashboard - ::1
[2026-09-09 20:18:30] INFO: [GET] /api/parking/slots - ::1
[2026-09-09 20:18:30] INFO: [GET] /api/statistics/revenue?days=7 - ::1
[2026-09-09 20:18:32] WARN: MQTT reconnecting...
[2026-09-09 20:18:32] ERROR: MQTT error:
[2026-09-09 20:18:37] WARN: MQTT reconnecting...
[2026-09-09 20:18:37] ERROR: MQTT error:
[2026-09-09 20:18:42] WARN: MQTT reconnecting...
[2026-09-09 20:18:42] ERROR: MQTT error:
[2026-09-09 20:18:47] WARN: MQTT reconnecting...
[2026-09-09 20:18:47] ERROR: MQTT error:
[2026-09-09 20:18:52] WARN: MQTT reconnecting...
[2026-09-09 20:18:52] ERROR: MQTT error:
[2026-09-09 20:18:57] INFO: [GET] /api/statistics/dashboard - ::1
[2026-09-09 20:18:57] INFO: [GET] /api/parking/slots - ::1
[2026-09-09 20:18:57] INFO: [GET] /api/statistics/revenue?days=7 - ::1
[2026-09-09 20:18:57] WARN: MQTT reconnecting...
[2026-09-09 20:18:57] ERROR: MQTT error:
[2026-09-09 20:19:02] INFO: [GET] /api/notifications - ::1
[2026-09-09 20:19:02] INFO: [GET] /api/parking/slots - ::1
[2026-09-09 20:19:02] INFO: [GET] /api/devices - ::1
[2026-09-09 20:19:02] INFO: [GET] /api/parking/slots/summary - ::1
[2026-09-09 20:19:02] WARN: MQTT reconnecting...
[2026-09-09 20:19:02] ERROR: MQTT error:
[2026-09-09 20:19:07] WARN: MQTT reconnecting...
[2026-09-09 20:19:07] ERROR: MQTT error:
[2026-09-09 20:19:12] WARN: MQTT reconnecting...
[2026-09-09 20:19:12] ERROR: MQTT error:
[2026-09-09 20:19:17] INFO: [GET] /api/parking/slots - ::1
[2026-09-09 20:19:17] INFO: [GET] /api/parking/slots/summary - ::1
[2026-09-09 20:19:17] WARN: MQTT reconnecting...
[2026-09-09 20:19:17] ERROR: MQTT error:
[2026-09-09 20:19:17] INFO: [GET] /api/notifications - ::1
[2026-09-09 20:19:17] INFO: [GET] /api/parking/slots - ::1
[2026-09-09 20:19:17] INFO: [GET] /api/devices - ::1
[2026-09-09 20:19:18] INFO: [GET] /api/parking/slots/summary - ::1
[2026-09-09 20:19:22] WARN: MQTT reconnecting...
[2026-09-09 20:19:22] ERROR: MQTT error:
[2026-09-09 20:19:27] WARN: MQTT reconnecting...
[2026-09-09 20:19:27] ERROR: MQTT error:
[2026-09-09 20:19:32] WARN: MQTT reconnecting...
[2026-09-09 20:19:32] ERROR: MQTT error:
[2026-09-09 20:19:33] INFO: [GET] /api/parking/slots - ::1
[2026-09-09 20:19:33] INFO: [GET] /api/parking/slots/summary - ::1
[2026-09-09 20:19:37] WARN: MQTT reconnecting...
[2026-09-09 20:19:37] ERROR: MQTT error:
[2026-09-09 20:19:42] WARN: MQTT reconnecting...
[2026-09-09 20:19:42] ERROR: MQTT error:
[2026-09-09 20:19:47] WARN: MQTT reconnecting...
[2026-09-09 20:19:47] ERROR: MQTT error:
[2026-09-09 20:19:48] INFO: [GET] /api/parking/slots - ::1
[2026-09-09 20:19:48] INFO: [GET] /api/parking/slots/summary - ::1
[2026-09-09 20:19:52] WARN: MQTT reconnecting...
[2026-09-09 20:19:52] ERROR: MQTT error:
[2026-09-09 20:19:57] WARN: MQTT reconnecting...
[2026-09-09 20:19:57] ERROR: MQTT error:
[2026-09-09 20:20:02] WARN: MQTT reconnecting...
[2026-09-09 20:20:02] ERROR: MQTT error:
[2026-09-09 20:20:03] INFO: [GET] /api/parking/slots - ::1
[2026-09-09 20:20:03] INFO: [GET] /api/parking/slots/summary - ::1
[2026-09-09 20:20:07] WARN: MQTT reconnecting...
[2026-09-09 20:20:07] ERROR: MQTT error:
[2026-09-09 20:20:12] WARN: MQTT reconnecting...
[2026-09-09 20:20:12] ERROR: MQTT error:
[2026-09-09 20:20:17] WARN: MQTT reconnecting...
[2026-09-09 20:20:17] ERROR: MQTT error:
[2026-09-09 20:20:18] INFO: [GET] /api/parking/slots - ::1
[2026-09-09 20:20:18] INFO: [GET] /api/parking/slots/summary - ::1
[2026-09-09 20:20:22] WARN: MQTT reconnecting...
[2026-09-09 20:20:22] ERROR: MQTT error:
[2026-09-09 20:20:27] WARN: MQTT reconnecting...
[2026-09-09 20:20:27] ERROR: MQTT error:
[2026-09-09 20:20:32] WARN: MQTT reconnecting...
[2026-09-09 20:20:32] ERROR: MQTT error:
[2026-09-09 20:20:33] INFO: [GET] /api/parking/slots - ::1
[2026-09-09 20:20:33] INFO: [GET] /api/parking/slots/summary - ::1
[2026-09-09 20:20:37] WARN: MQTT reconnecting...
[2026-09-09 20:20:37] ERROR: MQTT error:
[2026-09-09 20:20:42] WARN: MQTT reconnecting...
[2026-09-09 20:20:42] ERROR: MQTT error:
[2026-09-09 20:20:47] WARN: MQTT reconnecting...
[2026-09-09 20:20:47] ERROR: MQTT error:
[2026-09-09 20:20:48] INFO: [GET] /api/parking/slots - ::1
[2026-09-09 20:20:48] INFO: [GET] /api/parking/slots/summary - ::1
[2026-09-09 20:20:52] WARN: MQTT reconnecting...
[2026-09-09 20:20:52] ERROR: MQTT error:
[2026-09-09 20:21:01] INFO: 📁 Serving static web from: C:\Users\ADMIN\Downloads\Thiet ke ht IOT\BÀi tập lớn\web
[2026-09-09 20:21:01] INFO: ✅ MySQL Database connected
[2026-09-09 20:21:01] INFO: ✅ Socket.IO initialized
[2026-09-09 20:21:01] INFO: ✅ MQTT client connecting...
[2026-09-09 20:21:01] INFO: ✅ Smart Parking Backend running on port 3000
[2026-09-09 20:21:01] INFO:    Environment: development
[2026-09-09 20:21:01] INFO:    API Base URL: http://localhost:3000/api
[2026-09-09 20:21:01] ERROR: MQTT error:
[2026-09-09 20:21:01] WARN: MQTT client offline
[2026-09-09 20:21:02] INFO: [GET] /api/parking/slots - ::1
[2026-09-09 20:21:02] INFO: [GET] /api/parking/slots/summary - ::1
[2026-09-09 20:21:03] INFO: [GET] /api/notifications - ::1
[2026-09-09 20:21:03] INFO: [GET] /api/parking/slots - ::1
[2026-09-09 20:21:03] INFO: [GET] /api/devices - ::1
[2026-09-09 20:21:03] INFO: [GET] /api/parking/slots/summary - ::1
[2026-09-09 20:21:06] WARN: MQTT reconnecting...
[2026-09-09 20:21:06] ERROR: MQTT error:
[2026-09-09 20:21:06] INFO: [POST] /api/auth/logout - ::1
[2026-09-09 20:21:08] INFO: [POST] /api/auth/login - ::1
[2026-09-09 20:21:09] INFO: [GET] /api/notifications - ::1
[2026-09-09 20:21:09] INFO: [GET] /api/statistics/dashboard - ::1
[2026-09-09 20:21:09] INFO: [GET] /api/parking/slots - ::1
[2026-09-09 20:21:09] INFO: [GET] /api/statistics/revenue?days=7 - ::1
[2026-09-09 20:21:11] WARN: MQTT reconnecting...
[2026-09-09 20:21:11] ERROR: MQTT error:
[2026-09-09 20:21:15] INFO: [GET] /api/notifications - ::1
[2026-09-09 20:21:15] INFO: [GET] /api/parking/slots - ::1
[2026-09-09 20:21:15] INFO: [GET] /api/devices - ::1
[2026-09-09 20:21:16] INFO: [GET] /api/parking/slots/summary - ::1
[2026-09-09 20:21:16] WARN: MQTT reconnecting...
[2026-09-09 20:21:16] ERROR: MQTT error:
[2026-09-09 20:21:21] WARN: MQTT reconnecting...
[2026-09-09 20:21:21] ERROR: MQTT error:
[2026-09-09 20:21:26] WARN: MQTT reconnecting...
[2026-09-09 20:21:26] ERROR: MQTT error:
[2026-09-09 20:21:29] INFO: [GET] /api/notifications - ::1
[2026-09-09 20:21:30] INFO: [GET] /api/devices - ::1
[2026-09-09 20:21:31] WARN: MQTT reconnecting...
[2026-09-09 20:21:31] ERROR: MQTT error:
[2026-09-09 20:21:32] INFO: [GET] /api/notifications - ::1
[2026-09-09 20:21:32] INFO: [GET] /api/devices - ::1
[2026-09-09 20:21:32] INFO: [GET] /api/devices/logs/all - ::1
[2026-09-09 20:21:36] WARN: MQTT reconnecting...
[2026-09-09 20:21:36] ERROR: MQTT error:
[2026-09-09 20:21:38] INFO: [GET] /api/notifications - ::1
[2026-09-09 20:21:41] WARN: MQTT reconnecting...
[2026-09-09 20:21:41] ERROR: MQTT error:
[2026-09-09 20:21:46] WARN: MQTT reconnecting...
[2026-09-09 20:21:46] ERROR: MQTT error:
[2026-09-09 20:21:51] WARN: MQTT reconnecting...
[2026-09-09 20:21:51] ERROR: MQTT error:
[2026-09-09 20:21:56] WARN: MQTT reconnecting...
[2026-09-09 20:21:56] ERROR: MQTT error:
[2026-09-09 20:22:01] WARN: MQTT reconnecting...
[2026-09-09 20:22:01] ERROR: MQTT error:
[2026-09-09 20:22:02] INFO: [GET] /api/notifications - ::1
[2026-09-09 20:22:02] INFO: [GET] /api/history/admin/all?page=1&limit=15&search=&status= - ::1
[2026-09-09 20:22:03] INFO: [GET] /api/history/admin/guest-sessions?page=1&limit=50 - ::1
[2026-09-09 20:22:06] WARN: MQTT reconnecting...
[2026-09-09 20:22:06] ERROR: MQTT error:
[2026-09-09 20:22:11] WARN: MQTT reconnecting...
[2026-09-09 20:22:11] ERROR: MQTT error:
[2026-09-09 20:22:13] INFO: [GET] /api/notifications - ::1
[2026-09-09 20:22:13] INFO: [GET] /api/payment/transactions/all?page=1&limit=15&search=&type=&status= - ::1
[2026-09-09 20:22:16] WARN: MQTT reconnecting...
[2026-09-09 20:22:16] ERROR: MQTT error:
[2026-09-09 20:22:20] INFO: [GET] /api/notifications - ::1
[2026-09-09 20:22:21] WARN: MQTT reconnecting...
[2026-09-09 20:22:21] ERROR: MQTT error:
[2026-09-09 20:22:26] WARN: MQTT reconnecting...
[2026-09-09 20:22:26] ERROR: MQTT error:
[2026-09-09 20:22:30] INFO: [GET] /api/bookings/all?page=1&limit=10&search=admin%40smartparking.com&status=&sort_by=created_at&sort_order=desc - ::1
[2026-09-09 20:22:30] INFO: [GET] /api/notifications - ::1
[2026-09-09 20:22:30] INFO: [GET] /api/users?page=1&limit=15&search=&role=&status= - ::1
[2026-09-09 20:22:31] WARN: MQTT reconnecting...
[2026-09-09 20:22:31] ERROR: MQTT error:
[2026-09-09 20:22:36] WARN: MQTT reconnecting...
[2026-09-09 20:22:36] ERROR: MQTT error:
[2026-09-09 20:22:41] WARN: MQTT reconnecting...
[2026-09-09 20:22:41] ERROR: MQTT error:
[2026-09-09 20:22:41] INFO: [GET] /api/notifications - ::1
[2026-09-09 20:22:41] INFO: [GET] /api/vehicles?page=1&limit=15&search= - ::1
[2026-09-09 20:22:41] INFO: [GET] /api/rfid/cards?page=1&limit=20 - ::1
[2026-09-09 20:22:46] WARN: MQTT reconnecting...
[2026-09-09 20:22:46] ERROR: MQTT error:
[2026-09-09 20:22:51] WARN: MQTT reconnecting...
[2026-09-09 20:22:51] ERROR: MQTT error:
[2026-09-09 20:22:56] INFO: [GET] /api/vehicles?page=1&limit=15&search=admin%40smartparking.com - ::1
[2026-09-09 20:22:56] WARN: MQTT reconnecting...
[2026-09-09 20:22:56] ERROR: MQTT error:
[2026-09-09 20:22:56] INFO: [GET] /api/notifications - ::1
[2026-09-09 20:22:56] INFO: [GET] /api/statistics/revenue?days=30 - ::1
[2026-09-09 20:22:56] INFO: [GET] /api/statistics/peak-hours - ::1
[2026-09-09 20:22:56] INFO: [GET] /api/statistics/dashboard - ::1
[2026-09-09 20:22:58] INFO: [GET] /api/notifications - ::1
[2026-09-09 20:22:58] INFO: [GET] /api/admin/system-logs?page=1&limit=20&search=&type=&level= - ::1
[2026-09-09 20:23:01] WARN: MQTT reconnecting...
[2026-09-09 20:23:01] ERROR: MQTT error:
[2026-09-09 20:23:06] WARN: MQTT reconnecting...
[2026-09-09 20:23:06] ERROR: MQTT error:
[2026-09-09 20:23:11] WARN: MQTT reconnecting...
[2026-09-09 20:23:11] ERROR: MQTT error:
[2026-09-09 20:23:16] WARN: MQTT reconnecting...
[2026-09-09 20:23:16] ERROR: MQTT error:
[2026-09-09 20:23:21] WARN: MQTT reconnecting...
[2026-09-09 20:23:21] ERROR: MQTT error:
[2026-09-09 20:23:26] WARN: MQTT reconnecting...
[2026-09-09 20:23:26] ERROR: MQTT error:
[2026-09-09 20:23:31] WARN: MQTT reconnecting...
[2026-09-09 20:23:31] ERROR: MQTT error:
[2026-09-09 20:23:36] WARN: MQTT reconnecting...
[2026-09-09 20:23:36] ERROR: MQTT error:
[2026-09-09 20:23:41] WARN: MQTT reconnecting...
[2026-09-09 20:23:41] ERROR: MQTT error:
[2026-09-09 20:23:46] WARN: MQTT reconnecting...
[2026-09-09 20:23:46] ERROR: MQTT error:
[2026-09-09 20:23:51] WARN: MQTT reconnecting...
[2026-09-09 20:23:51] ERROR: MQTT error:
[2026-09-09 20:23:56] WARN: MQTT reconnecting...
[2026-09-09 20:23:56] ERROR: MQTT error:
[2026-09-09 20:24:01] WARN: MQTT reconnecting...
[2026-09-09 20:24:01] ERROR: MQTT error:
[2026-09-09 20:24:06] WARN: MQTT reconnecting...
[2026-09-09 20:24:06] ERROR: MQTT error:
[2026-09-09 20:24:11] WARN: MQTT reconnecting...
[2026-09-09 20:24:11] ERROR: MQTT error:
[2026-09-09 20:24:16] WARN: MQTT reconnecting...
[2026-09-09 20:24:16] ERROR: MQTT error:
[2026-09-09 20:24:21] WARN: MQTT reconnecting...
[2026-09-09 20:24:21] ERROR: MQTT error:
[2026-09-09 20:24:26] WARN: MQTT reconnecting...
[2026-09-09 20:24:26] ERROR: MQTT error:
[2026-09-09 20:24:31] WARN: MQTT reconnecting...
[2026-09-09 20:24:31] ERROR: MQTT error:
[2026-09-09 20:24:36] WARN: MQTT reconnecting...
[2026-09-09 20:24:36] ERROR: MQTT error:
[2026-09-09 20:24:41] WARN: MQTT reconnecting...
[2026-09-09 20:24:41] ERROR: MQTT error:
[2026-09-09 20:24:46] WARN: MQTT reconnecting...
[2026-09-09 20:24:46] ERROR: MQTT error:
[2026-09-09 20:24:51] WARN: MQTT reconnecting...
[2026-09-09 20:24:51] ERROR: MQTT error:
[2026-09-09 20:24:56] WARN: MQTT reconnecting...
[2026-09-09 20:24:56] ERROR: MQTT error:
[2026-09-09 20:25:01] WARN: MQTT reconnecting...
[2026-09-09 20:25:01] ERROR: MQTT error:
[2026-09-09 20:25:06] WARN: MQTT reconnecting...
[2026-09-09 20:25:06] ERROR: MQTT error:
[2026-09-09 20:25:11] WARN: MQTT reconnecting...
[2026-09-09 20:25:11] ERROR: MQTT error:
[2026-09-09 20:25:16] WARN: MQTT reconnecting...
[2026-09-09 20:25:16] ERROR: MQTT error:
[2026-09-09 20:25:21] WARN: MQTT reconnecting...
[2026-09-09 20:25:21] ERROR: MQTT error:
[2026-09-09 20:25:26] WARN: MQTT reconnecting...
[2026-09-09 20:25:26] ERROR: MQTT error:
[2026-09-09 20:25:31] WARN: MQTT reconnecting...
[2026-09-09 20:25:31] ERROR: MQTT error:
[2026-09-09 20:25:36] WARN: MQTT reconnecting...
[2026-09-09 20:25:36] ERROR: MQTT error:
[2026-09-09 20:25:41] WARN: MQTT reconnecting...
[2026-09-09 20:25:41] ERROR: MQTT error:
[2026-09-09 20:25:46] WARN: MQTT reconnecting...
[2026-09-09 20:25:46] ERROR: MQTT error:
[2026-09-09 20:25:51] WARN: MQTT reconnecting...
[2026-09-09 20:25:51] ERROR: MQTT error:
[2026-09-09 20:25:56] WARN: MQTT reconnecting...
[2026-09-09 20:25:56] ERROR: MQTT error:
[2026-09-09 20:26:02] WARN: MQTT reconnecting...
[2026-09-09 20:26:02] ERROR: MQTT error:
[2026-09-09 20:26:07] WARN: MQTT reconnecting...
[2026-09-09 20:26:07] ERROR: MQTT error:
[2026-09-09 20:26:12] WARN: MQTT reconnecting...
[2026-09-09 20:26:12] ERROR: MQTT error:
[2026-09-09 20:26:17] WARN: MQTT reconnecting...
[2026-09-09 20:26:17] ERROR: MQTT error:
[2026-09-09 20:26:22] WARN: MQTT reconnecting...
[2026-09-09 20:26:22] ERROR: MQTT error:
[2026-09-09 20:26:25] INFO: 📁 Serving static web from: C:\Users\ADMIN\Downloads\Thiet ke ht IOT\BÀi tập lớn\web
[2026-09-09 20:26:25] INFO: ✅ MySQL Database connected
[2026-09-09 20:26:25] INFO: ✅ Socket.IO initialized
[2026-09-09 20:26:25] INFO: ✅ MQTT client connecting...
[2026-09-09 20:26:25] INFO: ✅ Smart Parking Backend running on port 3000
[2026-09-09 20:26:25] INFO:    Environment: development
[2026-09-09 20:26:25] INFO:    API Base URL: http://localhost:3000/api
[2026-09-09 20:26:25] ERROR: MQTT error:
[2026-09-09 20:26:25] WARN: MQTT client offline
[2026-09-09 20:26:30] WARN: MQTT reconnecting...
[2026-09-09 20:26:30] ERROR: MQTT error:
[2026-09-09 20:26:35] WARN: MQTT reconnecting...
[2026-09-09 20:26:35] ERROR: MQTT error:
[2026-09-09 20:26:40] WARN: MQTT reconnecting...
[2026-09-09 20:26:40] ERROR: MQTT error:
[2026-09-09 20:26:45] WARN: MQTT reconnecting...
[2026-09-09 20:26:45] ERROR: MQTT error:
[2026-09-09 20:26:50] WARN: MQTT reconnecting...
[2026-09-09 20:26:50] ERROR: MQTT error:
[2026-09-09 20:26:55] WARN: MQTT reconnecting...
[2026-09-09 20:26:55] ERROR: MQTT error:
[2026-09-09 20:27:00] WARN: MQTT reconnecting...
[2026-09-09 20:27:00] ERROR: MQTT error:
[2026-09-09 20:27:05] WARN: MQTT reconnecting...
[2026-09-09 20:27:05] ERROR: MQTT error:
[2026-09-09 20:27:10] WARN: MQTT reconnecting...
[2026-09-09 20:27:10] ERROR: MQTT error:
[2026-09-09 20:27:15] WARN: MQTT reconnecting...
[2026-09-09 20:27:15] ERROR: MQTT error:
[2026-09-09 20:27:20] WARN: MQTT reconnecting...
[2026-09-09 20:27:20] ERROR: MQTT error:
[2026-09-09 20:27:25] WARN: MQTT reconnecting...
[2026-09-09 20:27:25] ERROR: MQTT error:
[2026-09-09 20:27:30] WARN: MQTT reconnecting...
[2026-09-09 20:27:30] ERROR: MQTT error:
[2026-09-09 20:27:35] WARN: MQTT reconnecting...
[2026-09-09 20:27:35] ERROR: MQTT error:
[2026-09-09 20:27:40] WARN: MQTT reconnecting...
[2026-09-09 20:27:40] ERROR: MQTT error:
[2026-09-09 20:27:45] WARN: MQTT reconnecting...
[2026-09-09 20:27:45] ERROR: MQTT error:
[2026-09-09 20:27:50] WARN: MQTT reconnecting...
[2026-09-09 20:27:50] ERROR: MQTT error:
[2026-09-09 20:27:55] WARN: MQTT reconnecting...
[2026-09-09 20:27:55] ERROR: MQTT error:
[2026-09-09 20:28:00] WARN: MQTT reconnecting...
[2026-09-09 20:28:00] ERROR: MQTT error:
[2026-09-09 20:28:05] WARN: MQTT reconnecting...
[2026-09-09 20:28:05] ERROR: MQTT error:
[2026-09-09 20:28:10] WARN: MQTT reconnecting...
[2026-09-09 20:28:10] ERROR: MQTT error:
[2026-09-09 20:28:16] WARN: MQTT reconnecting...
[2026-09-09 20:28:16] ERROR: MQTT error:
[2026-09-09 20:28:21] WARN: MQTT reconnecting...
[2026-09-09 20:28:21] ERROR: MQTT error:
[2026-09-09 20:29:21] ERROR: DB Query Error:
[2026-09-09 20:33:14] INFO: 📁 Serving static web from: C:\Users\ADMIN\Downloads\Thiet ke ht IOT\BÀi tập lớn\web
[2026-09-09 20:33:14] INFO: ✅ MySQL Database connected
[2026-09-09 20:33:14] INFO: ✅ Socket.IO initialized
[2026-09-09 20:33:14] INFO: ✅ MQTT client connecting...
[2026-09-09 20:33:14] INFO: ✅ Smart Parking Backend running on port 3000
[2026-09-09 20:33:14] INFO:    Environment: development
[2026-09-09 20:33:14] INFO:    API Base URL: http://localhost:3000/api
[2026-09-09 20:33:14] ERROR: MQTT error:
[2026-09-09 20:33:14] WARN: MQTT client offline
[2026-09-09 20:33:17] INFO: [GET] /api/notifications - ::1
[2026-09-09 20:33:17] INFO: [GET] /api/admin/system-logs?page=1&limit=20&search=&type=&level= - ::1
[2026-09-09 20:33:18] INFO: [GET] /api/admin/system-logs?page=1&limit=20&search=admin%40smartparking.com&type=&level= - ::1
[2026-09-09 20:33:19] WARN: MQTT reconnecting...
[2026-09-09 20:33:19] ERROR: MQTT error:
[2026-09-09 20:33:20] INFO: [POST] /api/auth/logout - ::1
[2026-09-09 20:33:21] INFO: [POST] /api/auth/login - ::1
[2026-09-09 20:33:22] INFO: [GET] /api/notifications - ::1
[2026-09-09 20:33:23] INFO: [GET] /api/statistics/dashboard - ::1
[2026-09-09 20:33:23] INFO: [GET] /api/parking/slots - ::1
[2026-09-09 20:33:23] INFO: [GET] /api/statistics/revenue?days=7 - ::1
[2026-09-09 20:33:24] WARN: MQTT reconnecting...
[2026-09-09 20:33:24] ERROR: MQTT error:
[2026-09-09 20:33:27] INFO: [GET] /api/notifications - ::1
[2026-09-09 20:33:27] INFO: [GET] /api/parking/slots - ::1
[2026-09-09 20:33:27] INFO: [GET] /api/devices - ::1
[2026-09-09 20:33:27] INFO: [GET] /api/parking/slots/summary - ::1
[2026-09-09 20:33:29] WARN: MQTT reconnecting...
[2026-09-09 20:33:29] ERROR: MQTT error:
[2026-09-09 20:33:34] INFO: [GET] /api/notifications - ::1
[2026-09-09 20:33:34] INFO: [GET] /api/devices - ::1
[2026-09-09 20:33:34] WARN: MQTT reconnecting...
[2026-09-09 20:33:34] ERROR: MQTT error:
[2026-09-09 20:33:35] INFO: [GET] /api/notifications - ::1
[2026-09-09 20:33:35] INFO: [GET] /api/devices - ::1
[2026-09-09 20:33:35] INFO: [GET] /api/devices/logs/all - ::1
[2026-09-09 20:33:38] INFO: [GET] /api/notifications - ::1
[2026-09-09 20:33:39] WARN: MQTT reconnecting...
[2026-09-09 20:33:39] ERROR: MQTT error:
[2026-09-09 20:33:44] WARN: MQTT reconnecting...
[2026-09-09 20:33:44] ERROR: MQTT error:
[2026-09-09 20:33:49] WARN: MQTT reconnecting...
[2026-09-09 20:33:49] ERROR: MQTT error:
[2026-09-09 20:33:54] WARN: MQTT reconnecting...
[2026-09-09 20:33:54] ERROR: MQTT error:
[2026-09-09 20:33:59] WARN: MQTT reconnecting...
[2026-09-09 20:33:59] ERROR: MQTT error:
[2026-09-09 20:34:04] WARN: MQTT reconnecting...
[2026-09-09 20:34:04] ERROR: MQTT error:
[2026-09-09 20:34:09] WARN: MQTT reconnecting...
[2026-09-09 20:34:09] ERROR: MQTT error:
[2026-09-09 20:34:14] WARN: MQTT reconnecting...
[2026-09-09 20:34:14] ERROR: MQTT error:
[2026-09-09 20:34:19] WARN: MQTT reconnecting...
[2026-09-09 20:34:19] ERROR: MQTT error:
[2026-09-09 20:34:24] WARN: MQTT reconnecting...
[2026-09-09 20:34:24] ERROR: MQTT error:
[2026-09-09 20:34:29] WARN: MQTT reconnecting...
[2026-09-09 20:34:29] ERROR: MQTT error:
[2026-09-09 20:34:34] WARN: MQTT reconnecting...
[2026-09-09 20:34:34] ERROR: MQTT error:
[2026-09-09 20:34:39] WARN: MQTT reconnecting...
[2026-09-09 20:34:39] ERROR: MQTT error:
[2026-09-09 20:34:44] WARN: MQTT reconnecting...
[2026-09-09 20:34:44] ERROR: MQTT error:
[2026-09-09 20:34:50] WARN: MQTT reconnecting...
[2026-09-09 20:34:50] ERROR: MQTT error:
[2026-09-09 20:34:51] INFO: [GET] /api/notifications - ::1
[2026-09-09 20:34:51] INFO: [GET] /api/history/admin/all?page=1&limit=15&search=&status= - ::1
[2026-09-09 20:34:51] INFO: [GET] /api/history/admin/guest-sessions?page=1&limit=50 - ::1
[2026-09-09 20:34:54] INFO: [GET] /api/notifications - ::1
[2026-09-09 20:34:54] INFO: [GET] /api/payment/transactions/all?page=1&limit=15&search=&type=&status= - ::1
[2026-09-09 20:34:55] WARN: MQTT reconnecting...
[2026-09-09 20:34:55] ERROR: MQTT error:
[2026-09-09 20:34:58] INFO: [GET] /api/payment/transactions/all?page=1&limit=15&search=admin%40smartparking.com&type=&status= - ::1
[2026-09-09 20:35:00] WARN: MQTT reconnecting...
[2026-09-09 20:35:00] ERROR: MQTT error:
[2026-09-09 20:35:02] INFO: [GET] /api/payment/transactions/all?page=1&limit=15&search=Tr%E1%BA%A7n+Th%E1%BB%8B+Mai&type=&status= - ::1
[2026-09-09 20:35:05] WARN: MQTT reconnecting...
[2026-09-09 20:35:05] ERROR: MQTT error:
[2026-09-09 20:35:06] INFO: [GET] /api/payment/transactions/all?page=1&limit=15&search=Tr%E1%BA%A7n+Th%E1%BB%8B+Mai&type=TOP_UP&status= - ::1
[2026-09-09 20:35:08] INFO: [GET] /api/payment/transactions/all?page=1&limit=15&search=Tr%E1%BA%A7n+Th%E1%BB%8B+Mai&type=BOOKING_PAYMENT&status= - ::1
[2026-09-09 20:35:10] WARN: MQTT reconnecting...
[2026-09-09 20:35:10] ERROR: MQTT error:
[2026-09-09 20:35:10] INFO: [GET] /api/payment/transactions/all?page=1&limit=15&search=Tr%E1%BA%A7n+Th%E1%BB%8B+Mai&type=PARKING_PAYMENT&status= - ::1
[2026-09-09 20:35:11] INFO: [GET] /api/payment/transactions/all?page=1&limit=15&search=Tr%E1%BA%A7n+Th%E1%BB%8B+Mai&type=REFUND&status= - ::1
[2026-09-09 20:35:13] INFO: [GET] /api/payment/transactions/all?page=1&limit=15&search=Tr%E1%BA%A7n+Th%E1%BB%8B+Mai&type=&status= - ::1
[2026-09-09 20:35:15] WARN: MQTT reconnecting...
[2026-09-09 20:35:15] ERROR: MQTT error:
[2026-09-09 20:35:15] INFO: [GET] /api/payment/transactions/all?page=1&limit=15&search=Tr%E1%BA%A7n+Th%E1%BB%8B+Mai&type=&status=SUCCESS - ::1
[2026-09-09 20:35:18] INFO: [GET] /api/payment/transactions/all?page=1&limit=15&search=Tr%E1%BA%A7n+Th%E1%BB%8B+Mai&type=&status=PENDING - ::1
[2026-09-09 20:35:20] WARN: MQTT reconnecting...
[2026-09-09 20:35:20] ERROR: MQTT error:
[2026-09-09 20:35:20] INFO: [GET] /api/payment/transactions/all?page=1&limit=15&search=Tr%E1%BA%A7n+Th%E1%BB%8B+Mai&type=&status=FAILED - ::1
[2026-09-09 20:35:25] WARN: MQTT reconnecting...
[2026-09-09 20:35:25] ERROR: MQTT error:
[2026-09-09 20:35:25] INFO: [GET] /api/payment/transactions/all?page=1&limit=15&search=Tr%E1%BA%A7n+Th%E1%BB%8B+Mai&type=&status=FAILED&date=2026-09-01 - ::1
[2026-09-09 20:35:30] WARN: MQTT reconnecting...
[2026-09-09 20:35:30] ERROR: MQTT error:
[2026-09-09 20:35:35] WARN: MQTT reconnecting...
[2026-09-09 20:35:35] ERROR: MQTT error:
[2026-09-09 20:35:40] WARN: MQTT reconnecting...
[2026-09-09 20:35:40] ERROR: MQTT error:
[2026-09-09 20:35:45] WARN: MQTT reconnecting...
[2026-09-09 20:35:45] ERROR: MQTT error:
[2026-09-09 20:35:50] WARN: MQTT reconnecting...
[2026-09-09 20:35:50] ERROR: MQTT error:
[2026-09-09 20:35:55] WARN: MQTT reconnecting...
[2026-09-09 20:35:55] ERROR: MQTT error:
[2026-09-09 20:36:00] WARN: MQTT reconnecting...
[2026-09-09 20:36:00] ERROR: MQTT error:
[2026-09-09 20:36:05] WARN: MQTT reconnecting...
[2026-09-09 20:36:05] ERROR: MQTT error:
[2026-09-09 20:36:10] WARN: MQTT reconnecting...
[2026-09-09 20:36:10] ERROR: MQTT error:
[2026-09-09 20:36:15] WARN: MQTT reconnecting...
[2026-09-09 20:36:15] ERROR: MQTT error:
[2026-09-09 20:36:20] WARN: MQTT reconnecting...
[2026-09-09 20:36:20] ERROR: MQTT error:
[2026-09-09 20:36:25] WARN: MQTT reconnecting...
[2026-09-09 20:36:25] ERROR: MQTT error:
[2026-09-09 20:36:30] WARN: MQTT reconnecting...
[2026-09-09 20:36:30] ERROR: MQTT error:
[2026-09-09 20:36:35] WARN: MQTT reconnecting...
[2026-09-09 20:36:35] ERROR: MQTT error:
[2026-09-09 20:36:40] WARN: MQTT reconnecting...
[2026-09-09 20:36:40] ERROR: MQTT error:
[2026-09-09 20:36:45] WARN: MQTT reconnecting...
[2026-09-09 20:36:45] ERROR: MQTT error:
[2026-09-09 20:36:50] WARN: MQTT reconnecting...
[2026-09-09 20:36:50] ERROR: MQTT error:
[2026-09-09 20:36:55] WARN: MQTT reconnecting...
[2026-09-09 20:36:55] ERROR: MQTT error:
[2026-09-09 20:37:00] WARN: MQTT reconnecting...
[2026-09-09 20:37:00] ERROR: MQTT error:
[2026-09-09 20:37:05] WARN: MQTT reconnecting...
[2026-09-09 20:37:05] ERROR: MQTT error:
[2026-09-09 20:37:10] WARN: MQTT reconnecting...
[2026-09-09 20:37:10] ERROR: MQTT error:
[2026-09-09 20:37:15] WARN: MQTT reconnecting...
[2026-09-09 20:37:15] ERROR: MQTT error:
[2026-09-09 20:37:20] WARN: MQTT reconnecting...
[2026-09-09 20:37:20] ERROR: MQTT error:
[2026-09-09 20:37:25] WARN: MQTT reconnecting...
[2026-09-09 20:37:25] ERROR: MQTT error:
[2026-09-09 20:37:27] INFO: [GET] /api/notifications - ::1
[2026-09-09 20:37:27] INFO: [GET] /api/history/admin/all?page=1&limit=15&search=&status= - ::1
[2026-09-09 20:37:28] INFO: [GET] /api/history/admin/guest-sessions?page=1&limit=50 - ::1
[2026-09-09 20:37:30] WARN: MQTT reconnecting...
[2026-09-09 20:37:30] ERROR: MQTT error:
[2026-09-09 20:37:30] INFO: [GET] /api/history/admin/all?page=1&limit=15&search=admin%40smartparking.com&status= - ::1
[2026-09-09 20:37:30] INFO: [GET] /api/history/admin/guest-sessions?page=1&limit=50 - ::1
[2026-09-09 20:37:31] INFO: [GET] /api/notifications - ::1
[2026-09-09 20:37:31] INFO: [GET] /api/vehicles?page=1&limit=15&search= - ::1
[2026-09-09 20:37:31] INFO: [GET] /api/rfid/cards?page=1&limit=20 - ::1
[2026-09-09 20:37:35] WARN: MQTT reconnecting...
[2026-09-09 20:37:35] ERROR: MQTT error:
[2026-09-09 20:37:37] INFO: [GET] /api/notifications - ::1
[2026-09-09 20:37:37] INFO: [GET] /api/users?page=1&limit=15&search=&role=&status= - ::1
[2026-09-09 20:37:39] INFO: [GET] /api/notifications - ::1
[2026-09-09 20:37:39] INFO: [GET] /api/vehicles?page=1&limit=15&search= - ::1
[2026-09-09 20:37:39] INFO: [GET] /api/rfid/cards?page=1&limit=20 - ::1
[2026-09-09 20:37:40] WARN: MQTT reconnecting...
[2026-09-09 20:37:40] ERROR: MQTT error:
[2026-09-09 20:37:45] WARN: MQTT reconnecting...
[2026-09-09 20:37:45] ERROR: MQTT error:
[2026-09-09 20:37:50] WARN: MQTT reconnecting...
[2026-09-09 20:37:50] ERROR: MQTT error:
[2026-09-09 20:37:55] WARN: MQTT reconnecting...
[2026-09-09 20:37:55] ERROR: MQTT error:
[2026-09-09 20:38:00] WARN: MQTT reconnecting...
[2026-09-09 20:38:00] ERROR: MQTT error:
[2026-09-09 20:38:00] INFO: [GET] /api/vehicles?page=1&limit=15&search=admin%40smartparking.com - ::1
[2026-09-09 20:38:04] INFO: [GET] /api/notifications - ::1
[2026-09-09 20:38:04] INFO: [GET] /api/statistics/revenue?days=30 - ::1
[2026-09-09 20:38:04] INFO: [GET] /api/statistics/peak-hours - ::1
[2026-09-09 20:38:04] INFO: [GET] /api/statistics/dashboard - ::1
[2026-09-09 20:38:05] WARN: MQTT reconnecting...
[2026-09-09 20:38:05] ERROR: MQTT error:
[2026-09-09 20:38:10] WARN: MQTT reconnecting...
[2026-09-09 20:38:10] ERROR: MQTT error:
[2026-09-09 20:38:10] INFO: [GET] /api/notifications - ::1
[2026-09-09 20:38:10] INFO: [GET] /api/admin/system-logs?page=1&limit=20&search=&type=&level= - ::1
[2026-09-09 20:38:15] WARN: MQTT reconnecting...
[2026-09-09 20:38:15] ERROR: MQTT error:
[2026-09-09 20:38:20] WARN: MQTT reconnecting...
[2026-09-09 20:38:20] ERROR: MQTT error:
[2026-09-09 20:38:20] INFO: [GET] /api/admin/system-logs?page=1&limit=20&search=admin%40smartparking.com&type=&level= - ::1
[2026-09-09 20:38:24] INFO: [GET] /api/notifications - ::1
[2026-09-09 20:38:24] INFO: [GET] /api/statistics/dashboard - ::1
[2026-09-09 20:38:24] INFO: [GET] /api/parking/slots - ::1
[2026-09-09 20:38:24] INFO: [GET] /api/statistics/revenue?days=7 - ::1
[2026-09-09 20:38:25] WARN: MQTT reconnecting...
[2026-09-09 20:38:25] ERROR: MQTT error:
[2026-09-09 20:38:30] WARN: MQTT reconnecting...
[2026-09-09 20:38:30] ERROR: MQTT error:
[2026-09-09 20:38:35] WARN: MQTT reconnecting...
[2026-09-09 20:38:35] ERROR: MQTT error:
[2026-09-09 20:38:40] WARN: MQTT reconnecting...
[2026-09-09 20:38:40] ERROR: MQTT error:
[2026-09-09 20:38:45] WARN: MQTT reconnecting...
[2026-09-09 20:38:45] ERROR: MQTT error:
[2026-09-09 20:38:50] WARN: MQTT reconnecting...
[2026-09-09 20:38:50] ERROR: MQTT error:
[2026-09-09 20:38:54] INFO: [GET] /api/statistics/dashboard - ::1
[2026-09-09 20:38:54] INFO: [GET] /api/parking/slots - ::1
[2026-09-09 20:38:54] INFO: [GET] /api/statistics/revenue?days=7 - ::1
[2026-09-09 20:38:55] WARN: MQTT reconnecting...
[2026-09-09 20:38:55] ERROR: MQTT error:
[2026-09-09 20:39:00] WARN: MQTT reconnecting...
[2026-09-09 20:39:00] ERROR: MQTT error:
[2026-09-09 20:39:05] WARN: MQTT reconnecting...
[2026-09-09 20:39:05] ERROR: MQTT error:
[2026-09-09 20:39:10] WARN: MQTT reconnecting...
[2026-09-09 20:39:10] ERROR: MQTT error:
[2026-09-09 20:39:15] WARN: MQTT reconnecting...
[2026-09-09 20:39:15] ERROR: MQTT error:
[2026-09-09 20:39:20] WARN: MQTT reconnecting...
[2026-09-09 20:39:20] ERROR: MQTT error:
[2026-09-09 20:39:24] INFO: [GET] /api/statistics/dashboard - ::1
[2026-09-09 20:39:24] INFO: [GET] /api/parking/slots - ::1
[2026-09-09 20:39:24] INFO: [GET] /api/statistics/revenue?days=7 - ::1
[2026-09-09 20:39:25] WARN: MQTT reconnecting...
[2026-09-09 20:39:25] ERROR: MQTT error:
[2026-09-09 20:39:30] WARN: MQTT reconnecting...
[2026-09-09 20:39:30] ERROR: MQTT error:
[2026-09-09 20:39:33] INFO: 📁 Serving static web from: C:\Users\ADMIN\Downloads\Thiet ke ht IOT\BÀi tập lớn\web
[2026-09-09 20:39:33] INFO: ✅ MySQL Database connected
[2026-09-09 20:39:33] INFO: ✅ Socket.IO initialized
[2026-09-09 20:39:33] INFO: ✅ MQTT client connecting...
[2026-09-09 20:39:33] INFO: ✅ Smart Parking Backend running on port 3000
[2026-09-09 20:39:33] INFO:    Environment: development
[2026-09-09 20:39:33] INFO:    API Base URL: http://localhost:3000/api
[2026-09-09 20:39:33] ERROR: MQTT error:
[2026-09-09 20:39:33] WARN: MQTT client offline
[2026-09-09 20:39:38] WARN: MQTT reconnecting...
[2026-09-09 20:39:38] ERROR: MQTT error:
[2026-09-09 20:39:43] INFO: 📁 Serving static web from: C:\Users\ADMIN\Downloads\Thiet ke ht IOT\BÀi tập lớn\web
[2026-09-09 20:39:43] INFO: ✅ MySQL Database connected
[2026-09-09 20:39:43] INFO: ✅ Socket.IO initialized
[2026-09-09 20:39:43] INFO: ✅ MQTT client connecting...
[2026-09-09 20:39:43] INFO: ✅ Smart Parking Backend running on port 3000
[2026-09-09 20:39:43] INFO:    Environment: development
[2026-09-09 20:39:43] INFO:    API Base URL: http://localhost:3000/api
[2026-09-09 20:39:43] ERROR: MQTT error:
[2026-09-09 20:39:43] WARN: MQTT client offline
[2026-09-09 20:39:48] WARN: MQTT reconnecting...
[2026-09-09 20:39:48] ERROR: MQTT error:
[2026-09-09 20:39:50] INFO: 📁 Serving static web from: C:\Users\ADMIN\Downloads\Thiet ke ht IOT\BÀi tập lớn\web
[2026-09-09 20:39:50] INFO: ✅ MySQL Database connected
[2026-09-09 20:39:50] INFO: ✅ Socket.IO initialized
[2026-09-09 20:39:50] INFO: ✅ MQTT client connecting...
[2026-09-09 20:39:50] INFO: ✅ Smart Parking Backend running on port 3000
[2026-09-09 20:39:50] INFO:    Environment: development
[2026-09-09 20:39:50] INFO:    API Base URL: http://localhost:3000/api
[2026-09-09 20:39:50] ERROR: MQTT error:
[2026-09-09 20:39:50] WARN: MQTT client offline
[2026-09-09 20:39:54] INFO: [GET] /api/statistics/dashboard - ::1
[2026-09-09 20:39:54] INFO: [GET] /api/parking/slots - ::1
[2026-09-09 20:39:54] INFO: [GET] /api/statistics/revenue?days=7 - ::1
[2026-09-09 20:39:55] WARN: MQTT reconnecting...
[2026-09-09 20:39:55] ERROR: MQTT error:
[2026-09-09 20:39:57] INFO: 📁 Serving static web from: C:\Users\ADMIN\Downloads\Thiet ke ht IOT\BÀi tập lớn\web
[2026-09-09 20:39:57] INFO: ✅ MySQL Database connected
[2026-09-09 20:39:57] INFO: ✅ Socket.IO initialized
[2026-09-09 20:39:57] INFO: ✅ MQTT client connecting...
[2026-09-09 20:39:57] INFO: ✅ Smart Parking Backend running on port 3000
[2026-09-09 20:39:57] INFO:    Environment: development
[2026-09-09 20:39:57] INFO:    API Base URL: http://localhost:3000/api
[2026-09-09 20:39:57] ERROR: MQTT error:
[2026-09-09 20:39:57] WARN: MQTT client offline
[2026-09-09 20:40:02] WARN: MQTT reconnecting...
[2026-09-09 20:40:02] ERROR: MQTT error:
[2026-09-09 20:40:07] WARN: MQTT reconnecting...
[2026-09-09 20:40:07] ERROR: MQTT error:
[2026-09-09 20:40:10] INFO: 📁 Serving static web from: C:\Users\ADMIN\Downloads\Thiet ke ht IOT\BÀi tập lớn\web
[2026-09-09 20:40:10] INFO: ✅ MySQL Database connected
[2026-09-09 20:40:10] INFO: ✅ Socket.IO initialized
[2026-09-09 20:40:10] INFO: ✅ MQTT client connecting...
[2026-09-09 20:40:10] INFO: ✅ Smart Parking Backend running on port 3000
[2026-09-09 20:40:10] INFO:    Environment: development
[2026-09-09 20:40:10] INFO:    API Base URL: http://localhost:3000/api
[2026-09-09 20:40:10] ERROR: MQTT error:
[2026-09-09 20:40:10] WARN: MQTT client offline
[2026-09-09 20:40:15] WARN: MQTT reconnecting...
[2026-09-09 20:40:15] ERROR: MQTT error:
[2026-09-09 20:40:20] WARN: MQTT reconnecting...
[2026-09-09 20:40:20] ERROR: MQTT error:
[2026-09-09 20:40:23] INFO: 📁 Serving static web from: C:\Users\ADMIN\Downloads\Thiet ke ht IOT\BÀi tập lớn\web
[2026-09-09 20:40:23] INFO: ✅ MySQL Database connected
[2026-09-09 20:40:23] INFO: ✅ Socket.IO initialized
[2026-09-09 20:40:23] INFO: ✅ MQTT client connecting...
[2026-09-09 20:40:23] INFO: ✅ Smart Parking Backend running on port 3000
[2026-09-09 20:40:23] INFO:    Environment: development
[2026-09-09 20:40:23] INFO:    API Base URL: http://localhost:3000/api
[2026-09-09 20:40:23] ERROR: MQTT error:
[2026-09-09 20:40:23] WARN: MQTT client offline
[2026-09-09 20:40:24] INFO: [GET] /api/statistics/dashboard - ::1
[2026-09-09 20:40:24] INFO: [GET] /api/parking/slots - ::1
[2026-09-09 20:40:24] INFO: [GET] /api/statistics/revenue?days=7 - ::1
[2026-09-09 20:40:28] WARN: MQTT reconnecting...
[2026-09-09 20:40:28] ERROR: MQTT error:
[2026-09-09 20:40:34] INFO: 📁 Serving static web from: C:\Users\ADMIN\Downloads\Thiet ke ht IOT\BÀi tập lớn\web
[2026-09-09 20:40:34] INFO: ✅ MySQL Database connected
[2026-09-09 20:40:34] INFO: ✅ Socket.IO initialized
[2026-09-09 20:40:34] INFO: ✅ MQTT client connecting...
[2026-09-09 20:40:34] INFO: ✅ Smart Parking Backend running on port 3000
[2026-09-09 20:40:34] INFO:    Environment: development
[2026-09-09 20:40:34] INFO:    API Base URL: http://localhost:3000/api
[2026-09-09 20:40:34] ERROR: MQTT error:
[2026-09-09 20:40:34] WARN: MQTT client offline
[2026-09-09 20:40:39] WARN: MQTT reconnecting...
[2026-09-09 20:40:39] ERROR: MQTT error:
[2026-09-09 20:40:44] WARN: MQTT reconnecting...
[2026-09-09 20:40:44] ERROR: MQTT error:
[2026-09-09 20:40:46] INFO: 📁 Serving static web from: C:\Users\ADMIN\Downloads\Thiet ke ht IOT\BÀi tập lớn\web
[2026-09-09 20:40:46] INFO: ✅ MySQL Database connected
[2026-09-09 20:40:46] INFO: ✅ Socket.IO initialized
[2026-09-09 20:40:46] INFO: ✅ MQTT client connecting...
[2026-09-09 20:40:46] INFO: ✅ Smart Parking Backend running on port 3000
[2026-09-09 20:40:46] INFO:    Environment: development
[2026-09-09 20:40:46] INFO:    API Base URL: http://localhost:3000/api
[2026-09-09 20:40:46] ERROR: MQTT error:
[2026-09-09 20:40:46] WARN: MQTT client offline
[2026-09-09 20:40:51] WARN: MQTT reconnecting...
[2026-09-09 20:40:51] ERROR: MQTT error:
[2026-09-09 20:40:52] INFO: 📁 Serving static web from: C:\Users\ADMIN\Downloads\Thiet ke ht IOT\BÀi tập lớn\web
[2026-09-09 20:40:52] INFO: ✅ MySQL Database connected
[2026-09-09 20:40:52] INFO: ✅ Socket.IO initialized
[2026-09-09 20:40:52] INFO: ✅ MQTT client connecting...
[2026-09-09 20:40:52] INFO: ✅ Smart Parking Backend running on port 3000
[2026-09-09 20:40:52] INFO:    Environment: development
[2026-09-09 20:40:52] INFO:    API Base URL: http://localhost:3000/api
[2026-09-09 20:40:52] ERROR: MQTT error:
[2026-09-09 20:40:52] WARN: MQTT client offline
[2026-09-09 20:40:54] INFO: [GET] /api/statistics/dashboard - ::1
[2026-09-09 20:40:54] INFO: [GET] /api/parking/slots - ::1
[2026-09-09 20:40:54] INFO: [GET] /api/statistics/revenue?days=7 - ::1
[2026-09-09 20:40:57] WARN: MQTT reconnecting...
[2026-09-09 20:40:57] ERROR: MQTT error:
[2026-09-09 20:41:00] INFO: 📁 Serving static web from: C:\Users\ADMIN\Downloads\Thiet ke ht IOT\BÀi tập lớn\web
[2026-09-09 20:41:00] INFO: ✅ MySQL Database connected
[2026-09-09 20:41:00] INFO: ✅ Socket.IO initialized
[2026-09-09 20:41:00] INFO: ✅ MQTT client connecting...
[2026-09-09 20:41:00] INFO: ✅ Smart Parking Backend running on port 3000
[2026-09-09 20:41:00] INFO:    Environment: development
[2026-09-09 20:41:00] INFO:    API Base URL: http://localhost:3000/api
[2026-09-09 20:41:00] ERROR: MQTT error:
[2026-09-09 20:41:00] WARN: MQTT client offline
[2026-09-09 20:41:05] WARN: MQTT reconnecting...
[2026-09-09 20:41:05] ERROR: MQTT error:
[2026-09-09 20:41:10] WARN: MQTT reconnecting...
[2026-09-09 20:41:10] ERROR: MQTT error:
[2026-09-09 20:41:15] WARN: MQTT reconnecting...
[2026-09-09 20:41:15] ERROR: MQTT error:
[2026-09-09 20:41:20] WARN: MQTT reconnecting...
[2026-09-09 20:41:20] ERROR: MQTT error:
[2026-09-09 20:41:23] INFO: 📁 Serving static web from: C:\Users\ADMIN\Downloads\Thiet ke ht IOT\BÀi tập lớn\web
[2026-09-09 20:41:23] INFO: ✅ MySQL Database connected
[2026-09-09 20:41:23] INFO: ✅ Socket.IO initialized
[2026-09-09 20:41:23] INFO: ✅ MQTT client connecting...
[2026-09-09 20:41:23] INFO: ✅ Smart Parking Backend running on port 3000
[2026-09-09 20:41:23] INFO:    Environment: development
[2026-09-09 20:41:23] INFO:    API Base URL: http://localhost:3000/api
[2026-09-09 20:41:23] ERROR: MQTT error:
[2026-09-09 20:41:23] WARN: MQTT client offline
[2026-09-09 20:41:24] INFO: [GET] /api/statistics/dashboard - ::1
[2026-09-09 20:41:24] INFO: [GET] /api/parking/slots - ::1
[2026-09-09 20:41:24] INFO: [GET] /api/statistics/revenue?days=7 - ::1
[2026-09-09 20:41:28] WARN: MQTT reconnecting...
[2026-09-09 20:41:28] ERROR: MQTT error:
[2026-09-09 20:41:33] WARN: MQTT reconnecting...
[2026-09-09 20:41:33] ERROR: MQTT error:
[2026-09-09 20:41:36] INFO: 📁 Serving static web from: C:\Users\ADMIN\Downloads\Thiet ke ht IOT\BÀi tập lớn\web
[2026-09-09 20:41:36] INFO: ✅ MySQL Database connected
[2026-09-09 20:41:36] INFO: ✅ Socket.IO initialized
[2026-09-09 20:41:36] INFO: ✅ MQTT client connecting...
[2026-09-09 20:41:36] INFO: ✅ Smart Parking Backend running on port 3000
[2026-09-09 20:41:36] INFO:    Environment: development
[2026-09-09 20:41:36] INFO:    API Base URL: http://localhost:3000/api
[2026-09-09 20:41:36] ERROR: MQTT error:
[2026-09-09 20:41:36] WARN: MQTT client offline
[2026-09-09 20:41:36] INFO: [GET] /api/notifications - ::1
[2026-09-09 20:41:36] INFO: [GET] /api/parking/slots - ::1
[2026-09-09 20:41:36] INFO: [GET] /api/devices - ::ffff:127.0.0.1
[2026-09-09 20:41:37] INFO: [GET] /api/parking/slots/summary - ::ffff:127.0.0.1
[2026-09-09 20:41:41] WARN: MQTT reconnecting...
[2026-09-09 20:41:41] ERROR: MQTT error:
[2026-09-09 20:41:43] INFO: 📁 Serving static web from: C:\Users\ADMIN\Downloads\Thiet ke ht IOT\BÀi tập lớn\web
[2026-09-09 20:41:44] INFO: ✅ MySQL Database connected
[2026-09-09 20:41:44] INFO: ✅ Socket.IO initialized
[2026-09-09 20:41:44] INFO: ✅ MQTT client connecting...
[2026-09-09 20:41:44] INFO: ✅ Smart Parking Backend running on port 3000
[2026-09-09 20:41:44] INFO:    Environment: development
[2026-09-09 20:41:44] INFO:    API Base URL: http://localhost:3000/api
[2026-09-09 20:41:44] ERROR: MQTT error:
[2026-09-09 20:41:44] WARN: MQTT client offline
[2026-09-09 20:41:44] INFO: [GET] /api/statistics/revenue?days=7 - ::1
[2026-09-09 20:41:49] WARN: MQTT reconnecting...
[2026-09-09 20:41:49] ERROR: MQTT error:
[2026-09-09 20:41:54] WARN: MQTT reconnecting...
[2026-09-09 20:41:54] ERROR: MQTT error:
[2026-09-09 20:41:58] INFO: 📁 Serving static web from: C:\Users\ADMIN\Downloads\Thiet ke ht IOT\BÀi tập lớn\web
[2026-09-09 20:41:58] INFO: ✅ MySQL Database connected
[2026-09-09 20:41:58] INFO: ✅ Socket.IO initialized
[2026-09-09 20:41:58] INFO: ✅ MQTT client connecting...
[2026-09-09 20:41:58] INFO: ✅ Smart Parking Backend running on port 3000
[2026-09-09 20:41:58] INFO:    Environment: development
[2026-09-09 20:41:58] INFO:    API Base URL: http://localhost:3000/api
[2026-09-09 20:41:58] ERROR: MQTT error:
[2026-09-09 20:41:58] WARN: MQTT client offline
[2026-09-09 20:42:03] WARN: MQTT reconnecting...
[2026-09-09 20:42:03] ERROR: MQTT error:
[2026-09-09 20:42:08] WARN: MQTT reconnecting...
[2026-09-09 20:42:08] ERROR: MQTT error:
[2026-09-09 20:42:13] WARN: MQTT reconnecting...
[2026-09-09 20:42:13] ERROR: MQTT error:
[2026-09-09 20:42:14] INFO: [GET] /api/statistics/dashboard - ::1
[2026-09-09 20:42:14] INFO: [GET] /api/parking/slots - ::1
[2026-09-09 20:42:14] INFO: [GET] /api/statistics/revenue?days=7 - ::1
[2026-09-09 20:42:18] WARN: MQTT reconnecting...
[2026-09-09 20:42:18] ERROR: MQTT error:
[2026-09-09 20:42:23] WARN: MQTT reconnecting...
[2026-09-09 20:42:23] ERROR: MQTT error:
[2026-09-09 20:42:24] INFO: 📁 Serving static web from: C:\Users\ADMIN\Downloads\Thiet ke ht IOT\BÀi tập lớn\web
[2026-09-09 20:42:24] INFO: ✅ MySQL Database connected
[2026-09-09 20:42:24] INFO: ✅ Socket.IO initialized
[2026-09-09 20:42:24] INFO: ✅ MQTT client connecting...
[2026-09-09 20:42:24] INFO: ✅ Smart Parking Backend running on port 3000
[2026-09-09 20:42:24] INFO:    Environment: development
[2026-09-09 20:42:24] INFO:    API Base URL: http://localhost:3000/api
[2026-09-09 20:42:24] ERROR: MQTT error:
[2026-09-09 20:42:24] WARN: MQTT client offline
[2026-09-09 20:42:29] WARN: MQTT reconnecting...
[2026-09-09 20:42:29] ERROR: MQTT error:
[2026-09-09 20:42:33] INFO: 📁 Serving static web from: C:\Users\ADMIN\Downloads\Thiet ke ht IOT\BÀi tập lớn\web
[2026-09-09 20:42:33] INFO: ✅ MySQL Database connected
[2026-09-09 20:42:33] INFO: ✅ Socket.IO initialized
[2026-09-09 20:42:33] INFO: ✅ MQTT client connecting...
[2026-09-09 20:42:33] INFO: ✅ Smart Parking Backend running on port 3000
[2026-09-09 20:42:33] INFO:    Environment: development
[2026-09-09 20:42:33] INFO:    API Base URL: http://localhost:3000/api
[2026-09-09 20:42:33] ERROR: MQTT error:
[2026-09-09 20:42:33] WARN: MQTT client offline
[2026-09-09 20:42:38] WARN: MQTT reconnecting...
[2026-09-09 20:42:38] ERROR: MQTT error:
[2026-09-09 20:42:40] INFO: 📁 Serving static web from: C:\Users\ADMIN\Downloads\Thiet ke ht IOT\BÀi tập lớn\web
[2026-09-09 20:42:40] INFO: ✅ MySQL Database connected
[2026-09-09 20:42:40] INFO: ✅ Socket.IO initialized
[2026-09-09 20:42:40] INFO: ✅ MQTT client connecting...
[2026-09-09 20:42:40] INFO: ✅ Smart Parking Backend running on port 3000
[2026-09-09 20:42:40] INFO:    Environment: development
[2026-09-09 20:42:40] INFO:    API Base URL: http://localhost:3000/api
[2026-09-09 20:42:40] ERROR: MQTT error:
[2026-09-09 20:42:40] WARN: MQTT client offline
[2026-09-09 20:42:44] INFO: [GET] /api/statistics/dashboard - ::1
[2026-09-09 20:42:44] INFO: [GET] /api/parking/slots - ::1
[2026-09-09 20:42:44] INFO: [GET] /api/statistics/revenue?days=7 - ::1
[2026-09-09 20:42:45] WARN: MQTT reconnecting...
[2026-09-09 20:42:45] ERROR: MQTT error:
[2026-09-09 20:42:50] WARN: MQTT reconnecting...
[2026-09-09 20:42:50] ERROR: MQTT error:
[2026-09-09 20:42:55] WARN: MQTT reconnecting...
[2026-09-09 20:42:55] ERROR: MQTT error:
[2026-09-09 20:43:00] WARN: MQTT reconnecting...
[2026-09-09 20:43:00] ERROR: MQTT error:
[2026-09-09 20:43:05] WARN: MQTT reconnecting...
[2026-09-09 20:43:05] ERROR: MQTT error:
[2026-09-09 20:43:10] WARN: MQTT reconnecting...
[2026-09-09 20:43:10] ERROR: MQTT error:
[2026-09-09 20:43:14] INFO: [GET] /api/statistics/dashboard - ::1
[2026-09-09 20:43:14] INFO: [GET] /api/parking/slots - ::1
[2026-09-09 20:43:14] INFO: [GET] /api/statistics/revenue?days=7 - ::1
[2026-09-09 20:43:15] WARN: MQTT reconnecting...
[2026-09-09 20:43:15] ERROR: MQTT error:
[2026-09-09 20:43:20] WARN: MQTT reconnecting...
[2026-09-09 20:43:20] ERROR: MQTT error:
[2026-09-09 20:43:25] WARN: MQTT reconnecting...
[2026-09-09 20:43:25] ERROR: MQTT error:
[2026-09-09 20:43:30] WARN: MQTT reconnecting...
[2026-09-09 20:43:30] ERROR: MQTT error:
[2026-09-09 20:43:33] INFO: 📁 Serving static web from: C:\Users\ADMIN\Downloads\Thiet ke ht IOT\BÀi tập lớn\web
[2026-09-09 20:43:33] INFO: ✅ MySQL Database connected
[2026-09-09 20:43:33] INFO: ✅ Socket.IO initialized
[2026-09-09 20:43:33] INFO: ✅ MQTT client connecting...
[2026-09-09 20:43:33] INFO: ✅ Smart Parking Backend running on port 3000
[2026-09-09 20:43:33] INFO:    Environment: development
[2026-09-09 20:43:33] INFO:    API Base URL: http://localhost:3000/api
[2026-09-09 20:43:33] ERROR: MQTT error:
[2026-09-09 20:43:33] WARN: MQTT client offline
[2026-09-09 20:43:38] WARN: MQTT reconnecting...
[2026-09-09 20:43:38] ERROR: MQTT error:
[2026-09-09 20:43:43] WARN: MQTT reconnecting...
[2026-09-09 20:43:43] ERROR: MQTT error:
[2026-09-09 20:43:44] INFO: [GET] /api/statistics/dashboard - ::1
[2026-09-09 20:43:44] INFO: [GET] /api/parking/slots - ::1
[2026-09-09 20:43:44] INFO: [GET] /api/statistics/revenue?days=7 - ::1
[2026-09-09 20:43:48] WARN: MQTT reconnecting...
[2026-09-09 20:43:48] ERROR: MQTT error:
[2026-09-09 20:43:53] WARN: MQTT reconnecting...
[2026-09-09 20:43:53] ERROR: MQTT error:
[2026-09-09 20:43:58] WARN: MQTT reconnecting...
[2026-09-09 20:43:59] ERROR: MQTT error:
[2026-09-09 20:44:04] WARN: MQTT reconnecting...
[2026-09-09 20:44:04] ERROR: MQTT error:
[2026-09-09 20:44:09] WARN: MQTT reconnecting...
[2026-09-09 20:44:09] ERROR: MQTT error:
[2026-09-09 20:44:14] WARN: MQTT reconnecting...
[2026-09-09 20:44:14] ERROR: MQTT error:
[2026-09-09 20:44:14] INFO: [GET] /api/statistics/dashboard - ::1
[2026-09-09 20:44:14] INFO: [GET] /api/parking/slots - ::1
[2026-09-09 20:44:14] INFO: [GET] /api/statistics/revenue?days=7 - ::1
[2026-09-09 20:44:19] WARN: MQTT reconnecting...
[2026-09-09 20:44:19] ERROR: MQTT error:
[2026-09-09 20:44:24] WARN: MQTT reconnecting...
[2026-09-09 20:44:24] ERROR: MQTT error:
[2026-09-09 20:44:29] WARN: MQTT reconnecting...
[2026-09-09 20:44:29] ERROR: MQTT error:
[2026-09-09 20:44:34] WARN: MQTT reconnecting...
[2026-09-09 20:44:34] ERROR: MQTT error:
[2026-09-09 20:44:39] WARN: MQTT reconnecting...
[2026-09-09 20:44:39] ERROR: MQTT error:
[2026-09-09 20:44:44] WARN: MQTT reconnecting...
[2026-09-09 20:44:44] ERROR: MQTT error:
[2026-09-09 20:44:44] INFO: [GET] /api/statistics/dashboard - ::1
[2026-09-09 20:44:44] INFO: [GET] /api/parking/slots - ::1
[2026-09-09 20:44:44] INFO: [GET] /api/statistics/revenue?days=7 - ::1
[2026-09-09 20:44:49] WARN: MQTT reconnecting...
[2026-09-09 20:44:49] ERROR: MQTT error:
[2026-09-09 20:44:54] WARN: MQTT reconnecting...
[2026-09-09 20:44:54] ERROR: MQTT error:
[2026-09-09 20:44:59] WARN: MQTT reconnecting...
[2026-09-09 20:44:59] ERROR: MQTT error:
[2026-09-09 20:45:08] INFO: 📁 Serving static web from: C:\Users\ADMIN\Downloads\Thiet ke ht IOT\BÀi tập lớn\web
[2026-09-09 20:45:08] INFO: ✅ MySQL Database connected
[2026-09-09 20:45:08] INFO: ✅ Socket.IO initialized
[2026-09-09 20:45:08] INFO: ✅ MQTT client connecting...
[2026-09-09 20:45:08] INFO: ✅ Smart Parking Backend running on port 3000
[2026-09-09 20:45:08] INFO:    Environment: development
[2026-09-09 20:45:08] INFO:    API Base URL: http://localhost:3000/api
[2026-09-09 20:45:08] ERROR: MQTT error:
[2026-09-09 20:45:08] WARN: MQTT client offline
[2026-09-09 20:45:13] WARN: MQTT reconnecting...
[2026-09-09 20:45:13] ERROR: MQTT error:
[2026-09-09 20:45:18] INFO: 📁 Serving static web from: C:\Users\ADMIN\Downloads\Thiet ke ht IOT\BÀi tập lớn\web
[2026-09-09 20:45:18] INFO: ✅ MySQL Database connected
[2026-09-09 20:45:18] INFO: ✅ Socket.IO initialized
[2026-09-09 20:45:18] INFO: ✅ MQTT client connecting...
[2026-09-09 20:45:18] INFO: ✅ Smart Parking Backend running on port 3000
[2026-09-09 20:45:18] INFO:    Environment: development
[2026-09-09 20:45:18] INFO:    API Base URL: http://localhost:3000/api
[2026-09-09 20:45:18] ERROR: MQTT error:
[2026-09-09 20:45:18] WARN: MQTT client offline
[2026-09-09 20:45:22] INFO: 📁 Serving static web from: C:\Users\ADMIN\Downloads\Thiet ke ht IOT\BÀi tập lớn\web
[2026-09-09 20:45:22] INFO: ✅ MySQL Database connected
[2026-09-09 20:45:22] INFO: ✅ Socket.IO initialized
[2026-09-09 20:45:22] INFO: ✅ MQTT client connecting...
[2026-09-09 20:45:22] INFO: ✅ Smart Parking Backend running on port 3000
[2026-09-09 20:45:22] INFO:    Environment: development
[2026-09-09 20:45:22] INFO:    API Base URL: http://localhost:3000/api
[2026-09-09 20:45:22] ERROR: MQTT error:
[2026-09-09 20:45:22] WARN: MQTT client offline
[2026-09-09 20:45:27] WARN: MQTT reconnecting...
[2026-09-09 20:45:27] ERROR: MQTT error:
[2026-09-09 20:45:30] INFO: [GET] /api/statistics/dashboard - ::1
[2026-09-09 20:45:30] INFO: [GET] /api/parking/slots - ::1
[2026-09-09 20:45:30] INFO: [GET] /api/statistics/revenue?days=7 - ::1
[2026-09-09 20:50:06] INFO: 📁 Serving static web from: C:\Users\ADMIN\Downloads\Thiet ke ht IOT\BÀi tập lớn\web
[2026-09-09 20:50:06] INFO: ✅ MySQL Database connected
[2026-09-09 20:50:06] INFO: ✅ Socket.IO initialized
[2026-09-09 20:50:06] INFO: ✅ MQTT client connecting...
[2026-09-09 20:50:06] INFO: ✅ Smart Parking Backend running on port 3000
[2026-09-09 20:50:06] INFO:    Environment: development
[2026-09-09 20:50:06] INFO:    API Base URL: http://localhost:3000/api
[2026-09-09 20:50:06] ERROR: MQTT error:
[2026-09-09 20:50:06] WARN: MQTT client offline
[2026-09-09 20:50:07] INFO: [GET] /api/statistics/dashboard - ::1
[2026-09-09 20:50:07] INFO: [GET] /api/parking/slots - ::1
[2026-09-09 20:50:07] INFO: [GET] /api/statistics/revenue?days=7 - ::1
[2026-09-09 20:50:08] INFO: [GET] /api/notifications - ::1
[2026-09-09 20:50:08] INFO: [GET] /api/statistics/dashboard - ::1
[2026-09-09 20:50:08] INFO: [GET] /api/parking/slots - ::1
[2026-09-09 20:50:08] INFO: [GET] /api/statistics/revenue?days=7 - ::1
[2026-09-09 20:50:11] WARN: MQTT reconnecting...
[2026-09-09 20:50:11] ERROR: MQTT error:
[2026-09-09 20:50:12] INFO: [GET] /api/notifications - ::1
[2026-09-09 20:50:12] INFO: [GET] /api/parking/slots - ::1
[2026-09-09 20:50:12] INFO: [GET] /api/devices - ::1
[2026-09-09 20:50:12] INFO: [GET] /api/parking/slots/summary - ::1
[2026-09-09 20:50:16] WARN: MQTT reconnecting...
[2026-09-09 20:50:16] ERROR: MQTT error:
[2026-09-09 20:50:21] WARN: MQTT reconnecting...
[2026-09-09 20:50:21] ERROR: MQTT error:
[2026-09-09 20:50:25] INFO: [GET] /api/notifications - ::1
[2026-09-09 20:50:25] INFO: [GET] /api/devices - ::1
[2026-09-09 20:50:26] WARN: MQTT reconnecting...
[2026-09-09 20:50:26] ERROR: MQTT error:
[2026-09-09 20:50:29] INFO: [GET] /api/notifications - ::1
[2026-09-09 20:50:29] INFO: [GET] /api/devices - ::1
[2026-09-09 20:50:29] INFO: [GET] /api/devices/logs/all - ::1
[2026-09-09 20:50:31] WARN: MQTT reconnecting...
[2026-09-09 20:50:31] ERROR: MQTT error:
[2026-09-09 20:50:35] INFO: [GET] /api/notifications - ::1
[2026-09-09 20:50:35] INFO: [GET] /api/history/admin/all?page=1&limit=15&search=&status= - ::1
[2026-09-09 20:50:35] INFO: [GET] /api/history/admin/guest-sessions?page=1&limit=50 - ::1
[2026-09-09 20:50:36] WARN: MQTT reconnecting...
[2026-09-09 20:50:36] ERROR: MQTT error:
[2026-09-09 20:50:36] INFO: [GET] /api/history/admin/all?page=1&limit=15&search=admin%40smartparking.com&status= - ::1
[2026-09-09 20:50:36] INFO: [GET] /api/history/admin/guest-sessions?page=1&limit=50 - ::1
[2026-09-09 20:50:40] INFO: [GET] /api/notifications - ::1
[2026-09-09 20:50:40] INFO: [GET] /api/history/admin/all?page=1&limit=15&search=&status= - ::1
[2026-09-09 20:50:40] INFO: [GET] /api/history/admin/guest-sessions?page=1&limit=50 - ::1
[2026-09-09 20:50:41] WARN: MQTT reconnecting...
[2026-09-09 20:50:41] ERROR: MQTT error:
[2026-09-09 20:50:42] INFO: [GET] /api/history/admin/all?page=1&limit=15&search=admin%40smartparking.com&status= - ::1
[2026-09-09 20:50:42] INFO: [GET] /api/history/admin/guest-sessions?page=1&limit=50 - ::1
[2026-09-09 20:50:45] INFO: [GET] /api/notifications - ::1
[2026-09-09 20:50:45] INFO: [GET] /api/history/admin/all?page=1&limit=15&search=&status= - ::1
[2026-09-09 20:50:45] INFO: [GET] /api/history/admin/guest-sessions?page=1&limit=50 - ::1
[2026-09-09 20:50:46] WARN: MQTT reconnecting...
[2026-09-09 20:50:46] ERROR: MQTT error:
[2026-09-09 20:50:47] INFO: [GET] /api/history/admin/all?page=1&limit=15&search=admin%40smartparking.com&status= - ::1
[2026-09-09 20:50:47] INFO: [GET] /api/history/admin/guest-sessions?page=1&limit=50 - ::1
[2026-09-09 20:50:50] INFO: [GET] /api/notifications - ::1
[2026-09-09 20:50:50] INFO: [GET] /api/payment/transactions/all?page=1&limit=15&search=&type=&status= - ::1
[2026-09-09 20:50:50] INFO: [GET] /api/users?limit=100 - ::1
[2026-09-09 20:50:51] WARN: MQTT reconnecting...
[2026-09-09 20:50:51] ERROR: MQTT error:
[2026-09-09 20:50:52] INFO: [GET] /api/payment/transactions/all?page=1&limit=15&search=admin%40smartparking.com&type=&status= - ::1
[2026-09-09 20:50:54] INFO: [GET] /api/notifications - ::1
[2026-09-09 20:50:54] INFO: [GET] /api/camera/records/latest - ::1
[2026-09-09 20:50:54] INFO: [GET] /api/camera/records?page=1&limit=15 - ::1
[2026-09-09 20:50:56] INFO: [GET] /api/camera/records?page=1&limit=15&search=admin%40smartparking.com - ::1
[2026-09-09 20:50:56] INFO: [GET] /api/notifications - ::1
[2026-09-09 20:50:56] INFO: [GET] /api/users?page=1&limit=15&search=&role=&status=&sort_by=created_at&sort_order=desc - ::1
[2026-09-09 20:50:56] WARN: MQTT reconnecting...
[2026-09-09 20:50:56] ERROR: MQTT error:
[2026-09-09 20:50:59] INFO: [GET] /api/users?page=1&limit=15&search=admin%40smartparking.com&role=&status=&sort_by=created_at&sort_order=desc - ::1
[2026-09-09 20:51:01] WARN: MQTT reconnecting...
[2026-09-09 20:51:01] ERROR: MQTT error:
[2026-09-09 20:51:04] INFO: [GET] /api/notifications - ::1
[2026-09-09 20:51:04] INFO: [GET] /api/vehicles/admin/all?page=1&limit=15&search=&sort_by=created_at&sort_order=desc - ::1
[2026-09-09 20:51:04] INFO: [GET] /api/rfid/cards?page=1&limit=20 - ::1
[2026-09-09 20:51:04] INFO: [GET] /api/users?limit=100 - ::1
[2026-09-09 20:51:06] WARN: MQTT reconnecting...
[2026-09-09 20:51:06] ERROR: MQTT error:
[2026-09-09 20:51:07] INFO: [GET] /api/vehicles/admin/all?page=1&limit=15&search=admin%40smartparking.com&sort_by=created_at&sort_order=desc - ::1
[2026-09-09 20:51:11] WARN: MQTT reconnecting...
[2026-09-09 20:51:11] ERROR: MQTT error:
[2026-09-09 20:51:16] WARN: MQTT reconnecting...
[2026-09-09 20:51:16] ERROR: MQTT error:
[2026-09-09 20:51:21] WARN: MQTT reconnecting...
[2026-09-09 20:51:21] ERROR: MQTT error:
[2026-09-09 20:51:26] WARN: MQTT reconnecting...
[2026-09-09 20:51:26] ERROR: MQTT error:
[2026-09-09 20:51:31] WARN: MQTT reconnecting...
[2026-09-09 20:51:31] ERROR: MQTT error:
[2026-09-09 20:51:36] WARN: MQTT reconnecting...
[2026-09-09 20:51:36] ERROR: MQTT error:
[2026-09-09 20:51:41] WARN: MQTT reconnecting...
[2026-09-09 20:51:41] ERROR: MQTT error:
[2026-09-09 20:51:46] WARN: MQTT reconnecting...
[2026-09-09 20:51:46] ERROR: MQTT error:
[2026-09-09 20:51:51] WARN: MQTT reconnecting...
[2026-09-09 20:51:51] ERROR: MQTT error:
[2026-09-09 20:51:52] INFO: [GET] /api/notifications - ::1
[2026-09-09 20:51:52] INFO: [GET] /api/vehicles/admin/all?page=1&limit=15&search=&sort_by=created_at&sort_order=desc - ::1
[2026-09-09 20:51:52] INFO: [GET] /api/rfid/cards?page=1&limit=20 - ::1
[2026-09-09 20:51:52] INFO: [GET] /api/users?limit=100 - ::1
[2026-09-09 20:51:55] INFO: [GET] /api/vehicles/admin/all?page=1&limit=15&search=admin%40smartparking.com&sort_by=created_at&sort_order=desc - ::1
[2026-09-09 20:51:56] WARN: MQTT reconnecting...
[2026-09-09 20:51:56] ERROR: MQTT error:
[2026-09-09 20:51:59] INFO: [GET] /api/users?page=1&limit=15&search=admin%40smartparking.com&role=&status=&sort_by=created_at&sort_order=desc - ::1
[2026-09-09 20:52:00] INFO: [POST] /api/auth/logout - ::1
[2026-09-09 20:52:01] WARN: MQTT reconnecting...
[2026-09-09 20:52:01] ERROR: MQTT error:
[2026-09-09 20:52:06] WARN: MQTT reconnecting...
[2026-09-09 20:52:06] ERROR: MQTT error:
[2026-09-09 20:52:07] INFO: [POST] /api/auth/login - ::1
[2026-09-09 20:52:08] INFO: [GET] /api/notifications - ::1
[2026-09-09 20:52:08] INFO: [GET] /api/statistics/dashboard - ::1
[2026-09-09 20:52:08] INFO: [GET] /api/parking/slots - ::1
[2026-09-09 20:52:08] INFO: [GET] /api/statistics/revenue?days=7 - ::1
[2026-09-09 20:52:11] INFO: [GET] /api/notifications - ::1
[2026-09-09 20:52:11] INFO: [GET] /api/parking/slots - ::1
[2026-09-09 20:52:11] INFO: [GET] /api/devices - ::1
[2026-09-09 20:52:11] INFO: [GET] /api/parking/slots/summary - ::1
[2026-09-09 20:52:11] WARN: MQTT reconnecting...
[2026-09-09 20:52:11] ERROR: MQTT error:
[2026-09-09 20:52:16] WARN: MQTT reconnecting...
[2026-09-09 20:52:16] ERROR: MQTT error:
[2026-09-09 20:52:20] INFO: [GET] /api/notifications - ::1
[2026-09-09 20:52:21] INFO: [GET] /api/devices - ::1
[2026-09-09 20:52:21] WARN: MQTT reconnecting...
[2026-09-09 20:52:21] ERROR: MQTT error:
[2026-09-09 20:52:22] INFO: [GET] /api/notifications - ::1
[2026-09-09 20:52:22] INFO: [GET] /api/devices - ::1
[2026-09-09 20:52:22] INFO: [GET] /api/devices/logs/all - ::1
[2026-09-09 20:52:26] WARN: MQTT reconnecting...
[2026-09-09 20:52:26] ERROR: MQTT error:
[2026-09-09 20:52:31] WARN: MQTT reconnecting...
[2026-09-09 20:52:31] ERROR: MQTT error:
[2026-09-09 20:52:34] INFO: [GET] /api/notifications - ::1
[2026-09-09 20:52:36] INFO: [GET] /api/bookings/all?page=1&limit=10&search=admin%40smartparking.com&status=&sort_by=created_at&sort_order=desc - ::1
[2026-09-09 20:52:36] WARN: MQTT reconnecting...
[2026-09-09 20:52:36] ERROR: MQTT error:
[2026-09-09 20:52:38] INFO: [GET] /api/notifications - ::1
[2026-09-09 20:52:38] INFO: [GET] /api/history/admin/all?page=1&limit=15&search=&status= - ::1
[2026-09-09 20:52:38] INFO: [GET] /api/history/admin/guest-sessions?page=1&limit=50 - ::1
[2026-09-09 20:52:39] INFO: [GET] /api/history/admin/all?page=1&limit=15&search=admin%40smartparking.com&status= - ::1
[2026-09-09 20:52:39] INFO: [GET] /api/history/admin/guest-sessions?page=1&limit=50 - ::1
[2026-09-09 20:52:41] WARN: MQTT reconnecting...
[2026-09-09 20:52:41] ERROR: MQTT error:
[2026-09-09 20:52:44] INFO: [GET] /api/history/admin/all?page=1&limit=15&search=admin%40smartparking.comh&status= - ::1
[2026-09-09 20:52:44] INFO: [GET] /api/history/admin/guest-sessions?page=1&limit=50 - ::1
[2026-09-09 20:52:45] INFO: [GET] /api/history/admin/all?page=1&limit=15&search=admin%40smartparking.com&status= - ::1
[2026-09-09 20:52:45] INFO: [GET] /api/history/admin/guest-sessions?page=1&limit=50 - ::1
[2026-09-09 20:52:46] INFO: [GET] /api/history/admin/all?page=1&limit=15&search=admin%40smartparki&status= - ::1
[2026-09-09 20:52:46] INFO: [GET] /api/history/admin/guest-sessions?page=1&limit=50 - ::1
[2026-09-09 20:52:46] WARN: MQTT reconnecting...
[2026-09-09 20:52:46] ERROR: MQTT error:
[2026-09-09 20:52:51] WARN: MQTT reconnecting...
[2026-09-09 20:52:51] ERROR: MQTT error:
[2026-09-09 20:52:56] WARN: MQTT reconnecting...
[2026-09-09 20:52:56] ERROR: MQTT error:
[2026-09-09 20:53:01] WARN: MQTT reconnecting...
[2026-09-09 20:53:01] ERROR: MQTT error:
[2026-09-09 20:53:06] INFO: [GET] /api/history/admin/all?page=1&limit=15&search=&status= - ::1
[2026-09-09 20:53:06] INFO: [GET] /api/history/admin/guest-sessions?page=1&limit=50 - ::1
[2026-09-09 20:53:06] WARN: MQTT reconnecting...
[2026-09-09 20:53:06] ERROR: MQTT error:
[2026-09-09 20:53:11] WARN: MQTT reconnecting...
[2026-09-09 20:53:11] ERROR: MQTT error:
[2026-09-09 20:53:11] INFO: [GET] /api/history/admin/all?page=1&limit=15&search=Tr%E1%BA%A7n+Th%E1%BB%8B+Mai&status= - ::1
[2026-09-09 20:53:11] INFO: [GET] /api/history/admin/guest-sessions?page=1&limit=50 - ::1
[2026-09-09 20:53:14] INFO: [GET] /api/history/admin/all?page=1&limit=15&search=&status= - ::1
[2026-09-09 20:53:14] INFO: [GET] /api/history/admin/guest-sessions?page=1&limit=50 - ::1
[2026-09-09 20:53:16] INFO: [GET] /api/history/admin/all?page=1&limit=15&search=&status= - ::1
[2026-09-09 20:53:16] WARN: MQTT reconnecting...
[2026-09-09 20:53:16] ERROR: MQTT error:
[2026-09-09 20:53:19] INFO: [GET] /api/history/admin/all?page=1&limit=15&search=&status= - ::1
[2026-09-09 20:53:19] INFO: [GET] /api/history/admin/guest-sessions?page=1&limit=50 - ::1
[2026-09-09 20:53:20] INFO: [GET] /api/history/admin/all?page=1&limit=15&search=&status=ACTIVE - ::1
[2026-09-09 20:53:20] INFO: [GET] /api/history/admin/guest-sessions?page=1&limit=50 - ::1
[2026-09-09 20:53:21] WARN: MQTT reconnecting...
[2026-09-09 20:53:21] ERROR: MQTT error:
[2026-09-09 20:53:22] INFO: [GET] /api/history/admin/all?page=1&limit=15&search=&status=COMPLETED - ::1
[2026-09-09 20:53:22] INFO: [GET] /api/history/admin/guest-sessions?page=1&limit=50 - ::1
[2026-09-09 20:53:26] WARN: MQTT reconnecting...
[2026-09-09 20:53:26] ERROR: MQTT error:
[2026-09-09 20:53:30] INFO: [GET] /api/history/admin/all?page=1&limit=15&search=&status=COMPLETED - ::1
[2026-09-09 20:53:30] INFO: [GET] /api/history/admin/guest-sessions?page=1&limit=50 - ::1
[2026-09-09 20:53:31] INFO: [GET] /api/history/admin/all?page=1&limit=15&search=&status= - ::1
[2026-09-09 20:53:31] INFO: [GET] /api/history/admin/guest-sessions?page=1&limit=50 - ::1
[2026-09-09 20:53:31] WARN: MQTT reconnecting...
[2026-09-09 20:53:31] ERROR: MQTT error:
[2026-09-09 20:53:33] INFO: [GET] /api/history/admin/all?page=1&limit=15&search=&status=&date=2026-09-01 - ::1
[2026-09-09 20:53:33] INFO: [GET] /api/history/admin/guest-sessions?page=1&limit=50 - ::1
[2026-09-09 20:53:36] WARN: MQTT reconnecting...
[2026-09-09 20:53:36] ERROR: MQTT error:
[2026-09-09 20:53:41] WARN: MQTT reconnecting...
[2026-09-09 20:53:41] ERROR: MQTT error:
[2026-09-09 20:53:46] WARN: MQTT reconnecting...
[2026-09-09 20:53:46] ERROR: MQTT error:
[2026-09-09 20:53:51] WARN: MQTT reconnecting...
[2026-09-09 20:53:51] ERROR: MQTT error:
[2026-09-09 20:53:52] INFO: [GET] /api/history/admin/all?page=1&limit=15&search=&status=COMPLETED&date=2026-09-01 - ::1
[2026-09-09 20:53:52] INFO: [GET] /api/history/admin/guest-sessions?page=1&limit=50 - ::1
[2026-09-09 20:53:54] INFO: [GET] /api/history/admin/all?page=1&limit=15&search=&status=ACTIVE&date=2026-09-01 - ::1
[2026-09-09 20:53:54] INFO: [GET] /api/history/admin/guest-sessions?page=1&limit=50 - ::1
[2026-09-09 20:53:55] INFO: [GET] /api/history/admin/all?page=1&limit=15&search=&status=&date=2026-09-01 - ::1
[2026-09-09 20:53:55] INFO: [GET] /api/history/admin/guest-sessions?page=1&limit=50 - ::1
[2026-09-09 20:53:56] WARN: MQTT reconnecting...
[2026-09-09 20:53:56] ERROR: MQTT error:
[2026-09-09 20:53:57] INFO: [GET] /api/history/admin/all?page=1&limit=15&search=&status=&date=2026-09-01 - ::1
[2026-09-09 20:54:00] INFO: [GET] /api/history/admin/all?page=1&limit=15&search=&status=&date=2026-09-01 - ::1
[2026-09-09 20:54:00] INFO: [GET] /api/history/admin/guest-sessions?page=1&limit=50 - ::1
[2026-09-09 20:54:01] WARN: MQTT reconnecting...
[2026-09-09 20:54:01] ERROR: MQTT error:
[2026-09-09 20:54:06] WARN: MQTT reconnecting...
[2026-09-09 20:54:06] ERROR: MQTT error:
[2026-09-09 20:54:11] WARN: MQTT reconnecting...
[2026-09-09 20:54:11] ERROR: MQTT error:
[2026-09-09 20:54:14] INFO: [GET] /api/history/admin/all?page=1&limit=15&search=&status=&date=2026-09-10 - ::1
[2026-09-09 20:54:14] INFO: [GET] /api/history/admin/guest-sessions?page=1&limit=50 - ::1
[2026-09-09 20:54:16] WARN: MQTT reconnecting...
[2026-09-09 20:54:16] ERROR: MQTT error:
[2026-09-09 20:54:21] WARN: MQTT reconnecting...
[2026-09-09 20:54:21] ERROR: MQTT error:
[2026-09-09 20:54:22] INFO: [GET] /api/history/admin/all?page=1&limit=15&search=&status=COMPLETED&date=2026-09-10 - ::1
[2026-09-09 20:54:22] INFO: [GET] /api/history/admin/guest-sessions?page=1&limit=50 - ::1
[2026-09-09 20:54:26] WARN: MQTT reconnecting...
[2026-09-09 20:54:26] ERROR: MQTT error:
[2026-09-09 20:54:31] WARN: MQTT reconnecting...
[2026-09-09 20:54:32] ERROR: MQTT error:
[2026-09-09 20:54:37] WARN: MQTT reconnecting...
[2026-09-09 20:54:37] ERROR: MQTT error:
[2026-09-09 20:54:42] WARN: MQTT reconnecting...
[2026-09-09 20:54:42] ERROR: MQTT error:
[2026-09-09 20:54:47] WARN: MQTT reconnecting...
[2026-09-09 20:54:47] ERROR: MQTT error:
[2026-09-09 20:54:52] WARN: MQTT reconnecting...
[2026-09-09 20:54:52] ERROR: MQTT error:
[2026-09-09 20:54:57] WARN: MQTT reconnecting...
[2026-09-09 20:54:57] ERROR: MQTT error:
[2026-09-09 20:55:02] WARN: MQTT reconnecting...
[2026-09-09 20:55:02] ERROR: MQTT error:
[2026-09-09 20:55:07] WARN: MQTT reconnecting...
[2026-09-09 20:55:07] ERROR: MQTT error:
[2026-09-09 20:55:11] INFO: [GET] /api/notifications - ::1
[2026-09-09 20:55:12] WARN: MQTT reconnecting...
[2026-09-09 20:55:12] ERROR: MQTT error:
[2026-09-09 20:55:13] INFO: [GET] /api/bookings/all?page=1&limit=10&search=admin%40smartparking.com&status=&sort_by=created_at&sort_order=desc - ::1
[2026-09-09 20:55:17] WARN: MQTT reconnecting...
[2026-09-09 20:55:17] ERROR: MQTT error:
[2026-09-09 20:55:22] WARN: MQTT reconnecting...
[2026-09-09 20:55:22] ERROR: MQTT error:
[2026-09-09 20:55:27] WARN: MQTT reconnecting...
[2026-09-09 20:55:27] ERROR: MQTT error:
[2026-09-09 20:55:32] WARN: MQTT reconnecting...
[2026-09-09 20:55:32] ERROR: MQTT error:
[2026-09-09 20:55:37] WARN: MQTT reconnecting...
[2026-09-09 20:55:37] ERROR: MQTT error:
[2026-09-09 20:55:42] WARN: MQTT reconnecting...
[2026-09-09 20:55:42] ERROR: MQTT error:
[2026-09-09 20:55:47] WARN: MQTT reconnecting...
[2026-09-09 20:55:47] ERROR: MQTT error:
[2026-09-09 20:55:52] WARN: MQTT reconnecting...
[2026-09-09 20:55:52] ERROR: MQTT error:
[2026-09-09 20:55:57] WARN: MQTT reconnecting...
[2026-09-09 20:55:57] ERROR: MQTT error:
[2026-09-09 20:56:02] WARN: MQTT reconnecting...
[2026-09-09 20:56:02] ERROR: MQTT error:
[2026-09-09 20:56:07] WARN: MQTT reconnecting...
[2026-09-09 20:56:07] ERROR: MQTT error:
[2026-09-09 20:56:12] WARN: MQTT reconnecting...
[2026-09-09 20:56:12] ERROR: MQTT error:
[2026-09-09 20:56:17] WARN: MQTT reconnecting...
[2026-09-09 20:56:17] ERROR: MQTT error:
[2026-09-09 20:56:22] WARN: MQTT reconnecting...
[2026-09-09 20:56:22] ERROR: MQTT error:
[2026-09-09 20:56:27] WARN: MQTT reconnecting...
[2026-09-09 20:56:27] ERROR: MQTT error:
[2026-09-09 20:56:32] WARN: MQTT reconnecting...
[2026-09-09 20:56:32] ERROR: MQTT error:
[2026-09-09 20:56:37] WARN: MQTT reconnecting...
[2026-09-09 20:56:37] ERROR: MQTT error:
[2026-09-09 20:56:42] WARN: MQTT reconnecting...
[2026-09-09 20:56:42] ERROR: MQTT error:
[2026-09-09 20:56:46] INFO: [GET] /api/notifications - ::1
[2026-09-09 20:56:46] INFO: [GET] /api/history/admin/all?page=1&limit=15&search=&status= - ::1
[2026-09-09 20:56:46] INFO: [GET] /api/history/admin/guest-sessions?page=1&limit=50 - ::1
[2026-09-09 20:56:47] WARN: MQTT reconnecting...
[2026-09-09 20:56:47] ERROR: MQTT error:
[2026-09-09 20:56:48] INFO: [GET] /api/history/admin/all?page=1&limit=15&search=admin%40smartparking.com&status= - ::1
[2026-09-09 20:56:48] INFO: [GET] /api/history/admin/guest-sessions?page=1&limit=50 - ::1
[2026-09-09 20:56:52] WARN: MQTT reconnecting...
[2026-09-09 20:56:52] ERROR: MQTT error:
[2026-09-09 20:56:52] INFO: [GET] /api/history/admin/all?page=1&limit=15&search=&status= - ::1
[2026-09-09 20:56:52] INFO: [GET] /api/history/admin/guest-sessions?page=1&limit=50 - ::1
[2026-09-09 20:56:53] INFO: [GET] /api/history/admin/all?page=1&limit=15&search=&status= - ::1
[2026-09-09 20:56:54] INFO: [GET] /api/history/admin/all?page=1&limit=15&search=&status= - ::1
[2026-09-09 20:56:54] INFO: [GET] /api/history/admin/guest-sessions?page=1&limit=50 - ::1
[2026-09-09 20:56:56] INFO: [GET] /api/history/admin/all?page=1&limit=15&search=&status= - ::1
[2026-09-09 20:56:57] WARN: MQTT reconnecting...
[2026-09-09 20:56:57] ERROR: MQTT error:
[2026-09-09 20:57:01] INFO: [GET] /api/history/admin/all?page=1&limit=15&search=admin%40smartparking.com&status=ACTIVE - ::1
[2026-09-09 20:57:01] INFO: [GET] /api/history/admin/all?page=1&limit=15&search=admin%40smartparking.com&status=ACTIVE - ::1
[2026-09-09 20:57:02] WARN: MQTT reconnecting...
[2026-09-09 20:57:02] ERROR: MQTT error:
[2026-09-09 20:57:04] INFO: [GET] /api/history/admin/all?page=1&limit=15&search=&status=ACTIVE - ::1
[2026-09-09 20:57:07] INFO: [GET] /api/history/admin/all?page=1&limit=15&search=&status=COMPLETED - ::1
[2026-09-09 20:57:07] WARN: MQTT reconnecting...
[2026-09-09 20:57:07] ERROR: MQTT error:
[2026-09-09 20:57:12] WARN: MQTT reconnecting...
[2026-09-09 20:57:12] ERROR: MQTT error:
[2026-09-09 20:57:17] WARN: MQTT reconnecting...
[2026-09-09 20:57:17] ERROR: MQTT error:
[2026-09-09 20:57:22] WARN: MQTT reconnecting...
[2026-09-09 20:57:22] ERROR: MQTT error:
[2026-09-09 20:57:27] WARN: MQTT reconnecting...
[2026-09-09 20:57:27] ERROR: MQTT error:
[2026-09-09 20:57:32] WARN: MQTT reconnecting...
[2026-09-09 20:57:32] ERROR: MQTT error:
[2026-09-09 20:57:37] WARN: MQTT reconnecting...
[2026-09-09 20:57:37] ERROR: MQTT error:
[2026-09-09 20:57:42] WARN: MQTT reconnecting...
[2026-09-09 20:57:42] ERROR: MQTT error:
[2026-09-09 20:57:47] WARN: MQTT reconnecting...
[2026-09-09 20:57:47] ERROR: MQTT error:
[2026-09-09 20:57:52] WARN: MQTT reconnecting...
[2026-09-09 20:57:52] ERROR: MQTT error:
[2026-09-09 20:57:57] WARN: MQTT reconnecting...
[2026-09-09 20:57:57] ERROR: MQTT error:
[2026-09-09 20:57:58] INFO: [GET] /api/history/admin/all?page=1&limit=15&search=&status= - ::1
[2026-09-09 20:57:58] INFO: [GET] /api/history/admin/guest-sessions?page=1&limit=50 - ::1
[2026-09-09 20:58:02] WARN: MQTT reconnecting...
[2026-09-09 20:58:02] ERROR: MQTT error:
[2026-09-09 20:58:07] WARN: MQTT reconnecting...
[2026-09-09 20:58:07] ERROR: MQTT error:
[2026-09-09 20:58:12] WARN: MQTT reconnecting...
[2026-09-09 20:58:12] ERROR: MQTT error:
[2026-09-09 20:58:17] WARN: MQTT reconnecting...
[2026-09-09 20:58:17] ERROR: MQTT error:
[2026-09-09 20:58:22] WARN: MQTT reconnecting...
[2026-09-09 20:58:22] ERROR: MQTT error:
[2026-09-09 20:58:27] WARN: MQTT reconnecting...
[2026-09-09 20:58:27] ERROR: MQTT error:
[2026-09-09 20:58:32] WARN: MQTT reconnecting...
[2026-09-09 20:58:32] ERROR: MQTT error:
[2026-09-09 20:58:37] WARN: MQTT reconnecting...
[2026-09-09 20:58:37] ERROR: MQTT error:
[2026-09-09 20:58:42] WARN: MQTT reconnecting...
[2026-09-09 20:58:42] ERROR: MQTT error:
[2026-09-09 20:58:47] WARN: MQTT reconnecting...
[2026-09-09 20:58:47] ERROR: MQTT error:
[2026-09-09 20:58:52] INFO: 📁 Serving static web from: C:\Users\ADMIN\Downloads\Thiet ke ht IOT\BÀi tập lớn\web
[2026-09-09 20:58:52] INFO: ✅ MySQL Database connected
[2026-09-09 20:58:52] INFO: ✅ Socket.IO initialized
[2026-09-09 20:58:52] INFO: ✅ MQTT client connecting...
[2026-09-09 20:58:52] INFO: ✅ Smart Parking Backend running on port 3000
[2026-09-09 20:58:52] INFO:    Environment: development
[2026-09-09 20:58:52] INFO:    API Base URL: http://localhost:3000/api
[2026-09-09 20:58:52] ERROR: MQTT error:
[2026-09-09 20:58:52] WARN: MQTT client offline
[2026-09-09 20:58:57] WARN: MQTT reconnecting...
[2026-09-09 20:58:57] ERROR: MQTT error:
[2026-09-09 20:59:02] WARN: MQTT reconnecting...
[2026-09-09 20:59:02] ERROR: MQTT error:
[2026-09-09 20:59:06] INFO: 📁 Serving static web from: C:\Users\ADMIN\Downloads\Thiet ke ht IOT\BÀi tập lớn\web
[2026-09-09 20:59:06] INFO: ✅ MySQL Database connected
[2026-09-09 20:59:06] INFO: ✅ Socket.IO initialized
[2026-09-09 20:59:06] INFO: ✅ MQTT client connecting...
[2026-09-09 20:59:06] INFO: ✅ Smart Parking Backend running on port 3000
[2026-09-09 20:59:06] INFO:    Environment: development
[2026-09-09 20:59:06] INFO:    API Base URL: http://localhost:3000/api
[2026-09-09 20:59:06] ERROR: MQTT error:
[2026-09-09 20:59:06] WARN: MQTT client offline
[2026-09-09 20:59:11] WARN: MQTT reconnecting...
[2026-09-09 20:59:11] ERROR: MQTT error:
[2026-09-09 20:59:13] INFO: 📁 Serving static web from: C:\Users\ADMIN\Downloads\Thiet ke ht IOT\BÀi tập lớn\web
[2026-09-09 20:59:13] INFO: ✅ MySQL Database connected
[2026-09-09 20:59:13] INFO: ✅ Socket.IO initialized
[2026-09-09 20:59:13] INFO: ✅ MQTT client connecting...
[2026-09-09 20:59:13] INFO: ✅ Smart Parking Backend running on port 3000
[2026-09-09 20:59:13] INFO:    Environment: development
[2026-09-09 20:59:13] INFO:    API Base URL: http://localhost:3000/api
[2026-09-09 20:59:13] ERROR: MQTT error:
[2026-09-09 20:59:13] WARN: MQTT client offline
[2026-09-09 20:59:16] INFO: 📁 Serving static web from: C:\Users\ADMIN\Downloads\Thiet ke ht IOT\BÀi tập lớn\web
[2026-09-09 20:59:16] INFO: ✅ MySQL Database connected
[2026-09-09 20:59:16] INFO: ✅ Socket.IO initialized
[2026-09-09 20:59:16] INFO: ✅ MQTT client connecting...
[2026-09-09 20:59:16] INFO: ✅ Smart Parking Backend running on port 3000
[2026-09-09 20:59:16] INFO:    Environment: development
[2026-09-09 20:59:16] INFO:    API Base URL: http://localhost:3000/api
[2026-09-09 20:59:16] ERROR: MQTT error:
[2026-09-09 20:59:16] WARN: MQTT client offline
[2026-09-09 20:59:21] WARN: MQTT reconnecting...
[2026-09-09 20:59:21] ERROR: MQTT error:
[2026-09-09 20:59:26] WARN: MQTT reconnecting...
[2026-09-09 20:59:26] ERROR: MQTT error:
[2026-09-09 20:59:31] WARN: MQTT reconnecting...
[2026-09-09 20:59:31] ERROR: MQTT error:
[2026-09-09 20:59:36] WARN: MQTT reconnecting...
[2026-09-09 20:59:36] ERROR: MQTT error:
[2026-09-09 20:59:41] WARN: MQTT reconnecting...
[2026-09-09 20:59:41] ERROR: MQTT error:
[2026-09-09 20:59:46] WARN: MQTT reconnecting...
[2026-09-09 20:59:46] ERROR: MQTT error:
[2026-09-09 20:59:51] WARN: MQTT reconnecting...
[2026-09-09 20:59:51] ERROR: MQTT error:
[2026-09-09 20:59:56] INFO: [GET] /api/history/admin/all?page=1&limit=15&search=admin%40smartparking.com&status= - ::1
[2026-09-09 20:59:56] INFO: [GET] /api/history/admin/guest-sessions?page=1&limit=50 - ::1
[2026-09-09 20:59:56] WARN: MQTT reconnecting...
[2026-09-09 20:59:56] ERROR: MQTT error:
[2026-09-09 21:00:01] WARN: MQTT reconnecting...
[2026-09-09 21:00:01] ERROR: MQTT error:
[2026-09-09 21:00:06] WARN: MQTT reconnecting...
[2026-09-09 21:00:06] ERROR: MQTT error:
[2026-09-09 21:00:11] WARN: MQTT reconnecting...
[2026-09-09 21:00:11] ERROR: MQTT error:
[2026-09-09 21:00:16] WARN: MQTT reconnecting...
[2026-09-09 21:00:16] ERROR: MQTT error:
[2026-09-09 21:00:21] WARN: MQTT reconnecting...
[2026-09-09 21:00:21] ERROR: MQTT error:
[2026-09-09 21:00:26] WARN: MQTT reconnecting...
[2026-09-09 21:00:26] ERROR: MQTT error:
[2026-09-09 21:00:31] WARN: MQTT reconnecting...
[2026-09-09 21:00:31] ERROR: MQTT error:
[2026-09-09 21:00:36] WARN: MQTT reconnecting...
[2026-09-09 21:00:36] ERROR: MQTT error:
[2026-09-09 21:00:41] WARN: MQTT reconnecting...
[2026-09-09 21:00:41] ERROR: MQTT error:
[2026-09-09 21:00:46] WARN: MQTT reconnecting...
[2026-09-09 21:00:46] ERROR: MQTT error:
[2026-09-09 21:00:51] WARN: MQTT reconnecting...
[2026-09-09 21:00:51] ERROR: MQTT error:
[2026-09-09 21:00:56] WARN: MQTT reconnecting...
[2026-09-09 21:00:56] ERROR: MQTT error:
[2026-09-09 21:01:01] WARN: MQTT reconnecting...
[2026-09-09 21:01:01] ERROR: MQTT error:
[2026-09-09 21:01:06] WARN: MQTT reconnecting...
[2026-09-09 21:01:06] ERROR: MQTT error:
[2026-09-09 21:01:11] WARN: MQTT reconnecting...
[2026-09-09 21:01:11] ERROR: MQTT error:
[2026-09-09 21:01:16] WARN: MQTT reconnecting...
[2026-09-09 21:01:16] ERROR: MQTT error:
[2026-09-09 21:01:21] WARN: MQTT reconnecting...
[2026-09-09 21:01:21] ERROR: MQTT error:
[2026-09-09 21:01:26] WARN: MQTT reconnecting...
[2026-09-09 21:01:26] ERROR: MQTT error:
[2026-09-09 21:01:31] WARN: MQTT reconnecting...
[2026-09-09 21:01:31] ERROR: MQTT error:
[2026-09-09 21:01:36] WARN: MQTT reconnecting...
[2026-09-09 21:01:36] ERROR: MQTT error:
[2026-09-09 21:01:41] WARN: MQTT reconnecting...
[2026-09-09 21:01:41] ERROR: MQTT error:
[2026-09-09 21:01:46] WARN: MQTT reconnecting...
[2026-09-09 21:01:46] ERROR: MQTT error:
[2026-09-09 21:01:51] WARN: MQTT reconnecting...
[2026-09-09 21:01:51] ERROR: MQTT error:
[2026-09-09 21:01:56] WARN: MQTT reconnecting...
[2026-09-09 21:01:56] ERROR: MQTT error:
[2026-09-09 21:02:01] WARN: MQTT reconnecting...
[2026-09-09 21:02:01] ERROR: MQTT error:
[2026-09-09 21:02:06] WARN: MQTT reconnecting...
[2026-09-09 21:02:06] ERROR: MQTT error:
[2026-09-09 21:02:11] WARN: MQTT reconnecting...
[2026-09-09 21:02:11] ERROR: MQTT error:
[2026-09-09 21:02:16] WARN: MQTT reconnecting...
[2026-09-09 21:02:16] ERROR: MQTT error:
[2026-09-09 21:02:21] WARN: MQTT reconnecting...
[2026-09-09 21:02:21] ERROR: MQTT error:
[2026-09-09 21:02:26] WARN: MQTT reconnecting...
[2026-09-09 21:02:26] ERROR: MQTT error:
[2026-09-09 21:02:31] WARN: MQTT reconnecting...
[2026-09-09 21:02:31] ERROR: MQTT error:
[2026-09-09 21:02:36] WARN: MQTT reconnecting...
[2026-09-09 21:02:36] ERROR: MQTT error:
[2026-09-09 21:02:41] WARN: MQTT reconnecting...
[2026-09-09 21:02:41] ERROR: MQTT error:
[2026-09-09 21:02:46] WARN: MQTT reconnecting...
[2026-09-09 21:02:46] ERROR: MQTT error:
[2026-09-09 21:02:51] WARN: MQTT reconnecting...
[2026-09-09 21:02:51] ERROR: MQTT error:
[2026-09-09 21:02:56] WARN: MQTT reconnecting...
[2026-09-09 21:02:56] ERROR: MQTT error:
[2026-09-09 21:03:01] WARN: MQTT reconnecting...
[2026-09-09 21:03:01] ERROR: MQTT error:
[2026-09-09 21:03:06] WARN: MQTT reconnecting...
[2026-09-09 21:03:06] ERROR: MQTT error:
[2026-09-09 21:03:09] INFO: [GET] /api/notifications - ::1
[2026-09-09 21:03:09] INFO: [GET] /api/statistics/dashboard - ::1
[2026-09-09 21:03:09] INFO: [GET] /api/parking/slots - ::1
[2026-09-09 21:03:09] INFO: [GET] /api/statistics/revenue?days=7 - ::1
[2026-09-09 21:03:11] WARN: MQTT reconnecting...
[2026-09-09 21:03:11] ERROR: MQTT error:
[2026-09-09 21:03:16] WARN: MQTT reconnecting...
[2026-09-09 21:03:16] ERROR: MQTT error:
[2026-09-09 21:03:21] WARN: MQTT reconnecting...
[2026-09-09 21:03:21] ERROR: MQTT error:
[2026-09-09 21:03:26] WARN: MQTT reconnecting...
[2026-09-09 21:03:26] ERROR: MQTT error:
[2026-09-09 21:03:31] WARN: MQTT reconnecting...
[2026-09-09 21:03:31] ERROR: MQTT error:
[2026-09-09 21:03:36] WARN: MQTT reconnecting...
[2026-09-09 21:03:36] ERROR: MQTT error:
[2026-09-09 21:03:40] INFO: [GET] /api/statistics/dashboard - ::1
[2026-09-09 21:03:40] INFO: [GET] /api/parking/slots - ::1
[2026-09-09 21:03:40] INFO: [GET] /api/statistics/revenue?days=7 - ::1
[2026-09-09 21:03:41] WARN: MQTT reconnecting...
[2026-09-09 21:03:41] ERROR: MQTT error:
[2026-09-09 21:03:46] WARN: MQTT reconnecting...
[2026-09-09 21:03:47] ERROR: MQTT error:
[2026-09-09 21:03:52] WARN: MQTT reconnecting...
[2026-09-09 21:03:52] ERROR: MQTT error:
[2026-09-09 21:03:55] INFO: [GET] /api/notifications - ::1
[2026-09-09 21:03:56] INFO: [GET] /api/parking/slots - ::1
[2026-09-09 21:03:56] INFO: [GET] /api/devices - ::1
[2026-09-09 21:03:56] INFO: [GET] /api/parking/slots/summary - ::1
[2026-09-09 21:03:57] WARN: MQTT reconnecting...
[2026-09-09 21:03:57] ERROR: MQTT error:
[2026-09-09 21:04:02] WARN: MQTT reconnecting...
[2026-09-09 21:04:02] ERROR: MQTT error:
[2026-09-09 21:04:07] WARN: MQTT reconnecting...
[2026-09-09 21:04:07] ERROR: MQTT error:
[2026-09-09 21:04:11] INFO: [GET] /api/parking/slots - ::1
[2026-09-09 21:04:11] INFO: [GET] /api/parking/slots/summary - ::1
[2026-09-09 21:04:12] WARN: MQTT reconnecting...
[2026-09-09 21:04:12] ERROR: MQTT error:
[2026-09-09 21:04:16] INFO: 📁 Serving static web from: C:\Users\ADMIN\Downloads\Thiet ke ht IOT\BÀi tập lớn\web
[2026-09-09 21:04:16] INFO: ✅ MySQL Database connected
[2026-09-09 21:04:16] INFO: ✅ Socket.IO initialized
[2026-09-09 21:04:16] INFO: ✅ MQTT client connecting...
[2026-09-09 21:04:16] INFO: ✅ Smart Parking Backend running on port 3000
[2026-09-09 21:04:16] INFO:    Environment: development
[2026-09-09 21:04:16] INFO:    API Base URL: http://localhost:3000/api
[2026-09-09 21:04:16] ERROR: MQTT error:
[2026-09-09 21:04:16] WARN: MQTT client offline
[2026-09-09 21:04:18] INFO: [GET] /api/notifications - ::1
[2026-09-09 21:04:18] INFO: [GET] /api/devices - ::1
[2026-09-09 21:04:21] INFO: 📁 Serving static web from: C:\Users\ADMIN\Downloads\Thiet ke ht IOT\BÀi tập lớn\web
[2026-09-09 21:04:21] INFO: ✅ MySQL Database connected
[2026-09-09 21:04:21] INFO: ✅ Socket.IO initialized
[2026-09-09 21:04:21] INFO: ✅ MQTT client connecting...
[2026-09-09 21:04:21] INFO: ✅ Smart Parking Backend running on port 3000
[2026-09-09 21:04:21] INFO:    Environment: development
[2026-09-09 21:04:21] INFO:    API Base URL: http://localhost:3000/api
[2026-09-09 21:04:21] ERROR: MQTT error:
[2026-09-09 21:04:21] WARN: MQTT client offline
[2026-09-09 21:04:23] INFO: [GET] /api/notifications - ::1
[2026-09-09 21:04:23] INFO: [GET] /api/devices - ::1
[2026-09-09 21:04:24] INFO: [GET] /api/devices/logs/all - ::1
[2026-09-09 21:04:26] WARN: MQTT reconnecting...
[2026-09-09 21:04:26] ERROR: MQTT error:
[2026-09-09 21:04:31] WARN: MQTT reconnecting...
[2026-09-09 21:04:31] ERROR: MQTT error:
[2026-09-09 21:04:34] INFO: [GET] /api/notifications - ::1
[2026-09-09 21:04:34] INFO: [GET] /api/devices - ::1
[2026-09-09 21:04:36] WARN: MQTT reconnecting...
[2026-09-09 21:04:36] ERROR: MQTT error:
[2026-09-09 21:04:36] INFO: [GET] /api/notifications - ::1
[2026-09-09 21:04:36] INFO: [GET] /api/devices - ::1
[2026-09-09 21:04:36] INFO: [GET] /api/devices/logs/all - ::1
[2026-09-09 21:04:39] INFO: [GET] /api/notifications - ::1
[2026-09-09 21:04:40] INFO: [GET] /api/notifications - ::1
[2026-09-09 21:04:40] INFO: [GET] /api/history/admin/all?page=1&limit=100 - ::1
[2026-09-09 21:04:40] INFO: [GET] /api/history/admin/guest-sessions?page=1&limit=100 - ::1
[2026-09-09 21:04:41] WARN: MQTT reconnecting...
[2026-09-09 21:04:41] ERROR: MQTT error:
[2026-09-09 21:04:42] INFO: [GET] /api/notifications - ::1
[2026-09-09 21:04:42] INFO: [GET] /api/payment/transactions/all?page=1&limit=15&search=&type=&status= - ::1
[2026-09-09 21:04:42] INFO: [GET] /api/users?limit=100 - ::1
[2026-09-09 21:04:43] INFO: [GET] /api/notifications - ::1
[2026-09-09 21:04:43] INFO: [GET] /api/history/admin/all?page=1&limit=100 - ::1
[2026-09-09 21:04:43] INFO: [GET] /api/history/admin/guest-sessions?page=1&limit=100 - ::1
[2026-09-09 21:04:45] INFO: [GET] /api/notifications - ::1
[2026-09-09 21:04:45] INFO: [GET] /api/payment/transactions/all?page=1&limit=15&search=&type=&status= - ::1
[2026-09-09 21:04:45] INFO: [GET] /api/users?limit=100 - ::1
[2026-09-09 21:04:46] WARN: MQTT reconnecting...
[2026-09-09 21:04:46] ERROR: MQTT error:
[2026-09-09 21:04:51] WARN: MQTT reconnecting...
[2026-09-09 21:04:51] ERROR: MQTT error:
[2026-09-09 21:04:56] WARN: MQTT reconnecting...
[2026-09-09 21:04:56] ERROR: MQTT error:
[2026-09-09 21:05:01] WARN: MQTT reconnecting...
[2026-09-09 21:05:01] ERROR: MQTT error:
[2026-09-09 21:05:05] INFO: [GET] /api/notifications - ::1
[2026-09-09 21:05:05] INFO: [GET] /api/users?page=1&limit=15&search=&role=&status=&sort_by=created_at&sort_order=desc - ::1
[2026-09-09 21:05:06] WARN: MQTT reconnecting...
[2026-09-09 21:05:06] ERROR: MQTT error:
[2026-09-09 21:05:09] INFO: [GET] /api/notifications - ::1
[2026-09-09 21:05:09] INFO: [GET] /api/vehicles/admin/all?page=1&limit=15&search=&sort_by=created_at&sort_order=desc - ::1
[2026-09-09 21:05:09] INFO: [GET] /api/rfid/cards?page=1&limit=20 - ::1
[2026-09-09 21:05:09] INFO: [GET] /api/users?limit=100 - ::1
[2026-09-09 21:05:10] INFO: [GET] /api/notifications - ::1
[2026-09-09 21:05:11] INFO: [GET] /api/statistics/revenue?days=30 - ::1
[2026-09-09 21:05:11] INFO: [GET] /api/statistics/peak-hours - ::1
[2026-09-09 21:05:11] INFO: [GET] /api/statistics/dashboard - ::1
[2026-09-09 21:05:11] WARN: MQTT reconnecting...
[2026-09-09 21:05:11] ERROR: MQTT error:
[2026-09-09 21:05:16] WARN: MQTT reconnecting...
[2026-09-09 21:05:16] ERROR: MQTT error:
[2026-09-09 21:05:21] WARN: MQTT reconnecting...
[2026-09-09 21:05:21] ERROR: MQTT error:
[2026-09-09 21:05:26] WARN: MQTT reconnecting...
[2026-09-09 21:05:26] ERROR: MQTT error:
[2026-09-09 21:05:29] INFO: [GET] /api/statistics/revenue?days=90 - ::1
[2026-09-09 21:05:29] INFO: [GET] /api/statistics/peak-hours - ::1
[2026-09-09 21:05:29] INFO: [GET] /api/statistics/dashboard - ::1
[2026-09-09 21:05:31] WARN: MQTT reconnecting...
[2026-09-09 21:05:31] ERROR: MQTT error:
[2026-09-09 21:05:33] INFO: [GET] /api/statistics/revenue?days=30 - ::1
[2026-09-09 21:05:33] INFO: [GET] /api/statistics/peak-hours - ::1
[2026-09-09 21:05:33] INFO: [GET] /api/statistics/dashboard - ::1
[2026-09-09 21:05:35] INFO: [GET] /api/notifications - ::1
[2026-09-09 21:05:35] INFO: [GET] /api/admin/system-logs?page=1&limit=20&search=&action= - ::1
[2026-09-09 21:05:36] WARN: MQTT reconnecting...
[2026-09-09 21:05:36] ERROR: MQTT error:
[2026-09-09 21:05:41] WARN: MQTT reconnecting...
[2026-09-09 21:05:41] ERROR: MQTT error:
[2026-09-09 21:05:44] INFO: [GET] /api/notifications - ::1
[2026-09-09 21:05:44] INFO: [GET] /api/statistics/dashboard - ::1
[2026-09-09 21:05:44] INFO: [GET] /api/parking/slots - ::1
[2026-09-09 21:05:44] INFO: [GET] /api/statistics/revenue?days=7 - ::1
[2026-09-09 21:05:46] WARN: MQTT reconnecting...
[2026-09-09 21:05:46] ERROR: MQTT error:
[2026-09-09 21:05:47] INFO: 📁 Serving static web from: C:\Users\ADMIN\Downloads\Thiet ke ht IOT\BÀi tập lớn\web
[2026-09-09 21:05:47] INFO: ✅ MySQL Database connected
[2026-09-09 21:05:47] INFO: ✅ Socket.IO initialized
[2026-09-09 21:05:47] INFO: ✅ MQTT client connecting...
[2026-09-09 21:05:47] INFO: ✅ Smart Parking Backend running on port 3000
[2026-09-09 21:05:47] INFO:    Environment: development
[2026-09-09 21:05:47] INFO:    API Base URL: http://localhost:3000/api
[2026-09-09 21:05:47] ERROR: MQTT error:
[2026-09-09 21:05:47] WARN: MQTT client offline
[2026-09-09 21:05:52] INFO: 📁 Serving static web from: C:\Users\ADMIN\Downloads\Thiet ke ht IOT\BÀi tập lớn\web
[2026-09-09 21:05:52] INFO: ✅ MySQL Database connected
[2026-09-09 21:05:52] INFO: ✅ Socket.IO initialized
[2026-09-09 21:05:52] INFO: ✅ MQTT client connecting...
[2026-09-09 21:05:52] INFO: ✅ Smart Parking Backend running on port 3000
[2026-09-09 21:05:52] INFO:    Environment: development
[2026-09-09 21:05:52] INFO:    API Base URL: http://localhost:3000/api
[2026-09-09 21:05:52] ERROR: MQTT error:
[2026-09-09 21:05:52] WARN: MQTT client offline
[2026-09-09 21:05:57] WARN: MQTT reconnecting...
[2026-09-09 21:05:57] ERROR: MQTT error:
[2026-09-09 21:06:02] WARN: MQTT reconnecting...
[2026-09-09 21:06:02] ERROR: MQTT error:
[2026-09-09 21:06:07] WARN: MQTT reconnecting...
[2026-09-09 21:06:07] ERROR: MQTT error:
[2026-09-09 21:06:12] WARN: MQTT reconnecting...
[2026-09-09 21:06:12] ERROR: MQTT error:
[2026-09-09 21:06:15] INFO: [GET] /api/statistics/dashboard - ::1
[2026-09-09 21:06:15] INFO: [GET] /api/parking/slots - ::1
[2026-09-09 21:06:15] INFO: [GET] /api/statistics/revenue?days=7 - ::1
[2026-09-09 21:06:17] WARN: MQTT reconnecting...
[2026-09-09 21:06:17] ERROR: MQTT error:
[2026-09-09 21:06:22] WARN: MQTT reconnecting...
[2026-09-09 21:06:22] ERROR: MQTT error:
[2026-09-09 21:06:27] WARN: MQTT reconnecting...
[2026-09-09 21:06:27] ERROR: MQTT error:
[2026-09-09 21:06:32] WARN: MQTT reconnecting...
[2026-09-09 21:06:32] ERROR: MQTT error:
[2026-09-09 21:06:37] WARN: MQTT reconnecting...
[2026-09-09 21:06:37] ERROR: MQTT error:
[2026-09-09 21:06:42] WARN: MQTT reconnecting...
[2026-09-09 21:06:42] ERROR: MQTT error:
[2026-09-09 21:06:45] INFO: [GET] /api/statistics/dashboard - ::1
[2026-09-09 21:06:45] INFO: [GET] /api/parking/slots - ::1
[2026-09-09 21:06:45] INFO: [GET] /api/statistics/revenue?days=7 - ::1
[2026-09-09 21:06:48] WARN: MQTT reconnecting...
[2026-09-09 21:06:48] ERROR: MQTT error:
[2026-09-09 21:06:53] WARN: MQTT reconnecting...
[2026-09-09 21:06:53] ERROR: MQTT error:
[2026-09-09 21:06:58] WARN: MQTT reconnecting...
[2026-09-09 21:06:58] ERROR: MQTT error:
[2026-09-09 21:07:03] WARN: MQTT reconnecting...
[2026-09-09 21:07:03] ERROR: MQTT error:
[2026-09-09 21:07:04] INFO: [GET] /api/history/guest?page=1&limit=10&date=2026-09-10&status=COMPLETED - ::1
[2026-09-09 21:07:04] INFO: [GET] /api/parking/history?page=1&limit=10&date=2026-09-10&status=COMPLETED - ::1
[2026-09-09 21:07:04] INFO: [GET] /api/camera/records?page=1&limit=10&date=2026-09-10 - ::1
[2026-09-09 21:07:04] INFO: [GET] /api/bookings?page=1&limit=10&date=2026-09-10 - ::1
[2026-09-09 21:07:08] WARN: MQTT reconnecting...
[2026-09-09 21:07:08] ERROR: MQTT error:
[2026-09-09 21:07:13] WARN: MQTT reconnecting...
[2026-09-09 21:07:13] ERROR: MQTT error:
[2026-09-09 21:07:15] INFO: [GET] /api/statistics/dashboard - ::1
[2026-09-09 21:07:15] INFO: [GET] /api/parking/slots - ::1
[2026-09-09 21:07:15] INFO: [GET] /api/statistics/revenue?days=7 - ::1
[2026-09-09 21:07:18] WARN: MQTT reconnecting...
[2026-09-09 21:07:18] ERROR: MQTT error:
[2026-09-09 21:07:23] WARN: MQTT reconnecting...
[2026-09-09 21:07:23] ERROR: MQTT error:
[2026-09-09 21:07:28] WARN: MQTT reconnecting...
[2026-09-09 21:07:28] ERROR: MQTT error:
[2026-09-09 21:07:33] WARN: MQTT reconnecting...
[2026-09-09 21:07:33] ERROR: MQTT error:
[2026-09-09 21:07:36] INFO: [GET] /api/history/admin/guest-sessions?date=2026-09-10 - ::1
[2026-09-09 21:07:36] INFO: [GET] /api/history/admin/guest-sessions?date=2026-09-09 - ::1
[2026-09-09 21:07:36] INFO: [GET] /api/history/admin/all?date=2026-09-10 - ::1
[2026-09-09 21:07:36] INFO: [GET] /api/bookings/all?date=2026-09-10 - ::1
[2026-09-09 21:07:36] INFO: [GET] /api/camera/records?date=2026-09-10 - ::1
[2026-09-09 21:07:38] WARN: MQTT reconnecting...
[2026-09-09 21:07:38] ERROR: MQTT error:
[2026-09-09 21:07:43] WARN: MQTT reconnecting...
[2026-09-09 21:07:43] ERROR: MQTT error:
[2026-09-09 21:07:45] INFO: [GET] /api/statistics/dashboard - ::1
[2026-09-09 21:07:45] INFO: [GET] /api/parking/slots - ::1
[2026-09-09 21:07:45] INFO: [GET] /api/statistics/revenue?days=7 - ::1
[2026-09-09 21:07:48] WARN: MQTT reconnecting...
[2026-09-09 21:07:48] ERROR: MQTT error:
[2026-09-09 21:07:53] WARN: MQTT reconnecting...
[2026-09-09 21:07:53] ERROR: MQTT error:
[2026-09-09 21:07:57] INFO: [GET] /api/history/admin/guest-sessions?date=2026-09-10 - ::1
[2026-09-09 21:07:58] WARN: MQTT reconnecting...
[2026-09-09 21:07:58] ERROR: MQTT error:
[2026-09-09 21:08:03] WARN: MQTT reconnecting...
[2026-09-09 21:08:03] ERROR: MQTT error:
[2026-09-09 21:08:08] WARN: MQTT reconnecting...
[2026-09-09 21:08:08] ERROR: MQTT error:
[2026-09-09 21:08:10] INFO: [GET] /api/history/admin/guest-sessions?date=2026-09-10 - ::1
[2026-09-09 21:08:13] WARN: MQTT reconnecting...
[2026-09-09 21:08:13] ERROR: MQTT error:
[2026-09-09 21:08:15] INFO: [GET] /api/statistics/dashboard - ::1
[2026-09-09 21:08:15] INFO: [GET] /api/parking/slots - ::1
[2026-09-09 21:08:15] INFO: [GET] /api/statistics/revenue?days=7 - ::1
[2026-09-09 21:08:18] WARN: MQTT reconnecting...
[2026-09-09 21:08:18] ERROR: MQTT error:
[2026-09-09 21:08:23] WARN: MQTT reconnecting...
[2026-09-09 21:08:23] ERROR: MQTT error:
[2026-09-09 21:08:28] WARN: MQTT reconnecting...
[2026-09-09 21:08:28] ERROR: MQTT error:
[2026-09-09 21:08:31] INFO: [POST] /api/auth/login - ::1
[2026-09-09 21:08:31] INFO: [GET] /api/history/admin/guest-sessions?date=2026-09-10 - ::1
[2026-09-09 21:08:31] INFO: [GET] /api/history/admin/guest-sessions?date=2026-09-09 - ::1
[2026-09-09 21:08:31] INFO: [GET] /api/history/admin/all?date=2026-09-10 - ::1
[2026-09-09 21:08:31] INFO: [GET] /api/bookings/all?date=2026-09-10 - ::1
[2026-09-09 21:08:31] INFO: [GET] /api/camera/records?date=2026-09-10 - ::1
[2026-09-09 21:08:33] WARN: MQTT reconnecting...
[2026-09-09 21:08:33] ERROR: MQTT error:
[2026-09-09 21:08:38] WARN: MQTT reconnecting...
[2026-09-09 21:08:38] ERROR: MQTT error:
[2026-09-09 21:08:43] WARN: MQTT reconnecting...
[2026-09-09 21:08:43] ERROR: MQTT error:
[2026-09-09 21:08:45] INFO: [GET] /api/statistics/dashboard - ::1
[2026-09-09 21:08:45] INFO: [GET] /api/parking/slots - ::1
[2026-09-09 21:08:45] INFO: [GET] /api/statistics/revenue?days=7 - ::1
[2026-09-09 21:08:48] WARN: MQTT reconnecting...
[2026-09-09 21:08:48] ERROR: MQTT error:
[2026-09-09 21:08:53] WARN: MQTT reconnecting...
[2026-09-09 21:08:53] ERROR: MQTT error:
[2026-09-09 21:08:58] WARN: MQTT reconnecting...
[2026-09-09 21:08:58] ERROR: MQTT error:
[2026-09-09 21:09:03] WARN: MQTT reconnecting...
[2026-09-09 21:09:03] ERROR: MQTT error:
[2026-09-09 21:09:08] WARN: MQTT reconnecting...
[2026-09-09 21:09:08] ERROR: MQTT error:
[2026-09-09 21:09:13] WARN: MQTT reconnecting...
[2026-09-09 21:09:13] ERROR: MQTT error:
[2026-09-09 21:09:18] WARN: MQTT reconnecting...
[2026-09-09 21:09:18] ERROR: MQTT error:
[2026-09-09 21:10:49] INFO: 📁 Serving static web from: C:\Users\ADMIN\Downloads\Thiet ke ht IOT\BÀi tập lớn\web
[2026-09-09 21:10:49] INFO: ✅ MySQL Database connected
[2026-09-09 21:10:49] INFO: ✅ Socket.IO initialized
[2026-09-09 21:10:49] INFO: ✅ MQTT client connecting...
[2026-09-09 21:10:49] INFO: ✅ Smart Parking Backend running on port 3000
[2026-09-09 21:10:49] INFO:    Environment: development
[2026-09-09 21:10:49] INFO:    API Base URL: http://localhost:3000/api
[2026-09-09 21:10:49] ERROR: MQTT error:
[2026-09-09 21:10:49] WARN: MQTT client offline
[2026-09-09 21:10:51] INFO: [GET] /api/statistics/dashboard - ::1
[2026-09-09 21:10:51] INFO: [GET] /api/parking/slots - ::1
[2026-09-09 21:10:52] INFO: [GET] /api/statistics/revenue?days=7 - ::1
[2026-09-09 21:10:53] INFO: [GET] /api/notifications - ::1
[2026-09-09 21:10:53] INFO: [GET] /api/statistics/dashboard - ::1
[2026-09-09 21:10:53] INFO: [GET] /api/parking/slots - ::1
[2026-09-09 21:10:53] INFO: [GET] /api/statistics/revenue?days=7 - ::1
[2026-09-09 21:10:54] WARN: MQTT reconnecting...
[2026-09-09 21:10:54] ERROR: MQTT error:
[2026-09-09 21:10:55] INFO: [POST] /api/auth/logout - ::1
[2026-09-09 21:10:57] INFO: [POST] /api/auth/login - ::1
[2026-09-09 21:10:58] INFO: [GET] /api/notifications - ::1
[2026-09-09 21:10:58] INFO: [GET] /api/statistics/dashboard - ::1
[2026-09-09 21:10:58] INFO: [GET] /api/parking/slots - ::1
[2026-09-09 21:10:58] INFO: [GET] /api/statistics/revenue?days=7 - ::1
[2026-09-09 21:10:59] WARN: MQTT reconnecting...
[2026-09-09 21:10:59] ERROR: MQTT error:
[2026-09-09 21:11:01] INFO: [POST] /api/auth/logout - ::1
[2026-09-09 21:11:04] WARN: MQTT reconnecting...
[2026-09-09 21:11:04] ERROR: MQTT error:
[2026-09-09 21:11:09] WARN: MQTT reconnecting...
[2026-09-09 21:11:09] ERROR: MQTT error:
[2026-09-09 21:11:14] WARN: MQTT reconnecting...
[2026-09-09 21:11:14] ERROR: MQTT error:
[2026-09-09 21:11:19] WARN: MQTT reconnecting...
[2026-09-09 21:11:19] ERROR: MQTT error:
[2026-09-09 21:11:22] INFO: [POST] /api/auth/login - ::1
[2026-09-09 21:11:23] INFO: [GET] /api/notifications - ::1
[2026-09-09 21:11:23] INFO: [GET] /api/statistics/dashboard - ::1
[2026-09-09 21:11:23] INFO: [GET] /api/parking/slots - ::1
[2026-09-09 21:11:23] INFO: [GET] /api/statistics/revenue?days=7 - ::1
[2026-09-09 21:11:25] WARN: MQTT reconnecting...
[2026-09-09 21:11:25] ERROR: MQTT error:
[2026-09-09 21:11:27] INFO: [GET] /api/notifications - ::1
[2026-09-09 21:11:27] INFO: [GET] /api/parking/slots - ::1
[2026-09-09 21:11:27] INFO: [GET] /api/devices - ::1
[2026-09-09 21:11:27] INFO: [GET] /api/parking/slots/summary - ::1
[2026-09-09 21:11:30] WARN: MQTT reconnecting...
[2026-09-09 21:11:30] ERROR: MQTT error:
[2026-09-09 21:11:30] INFO: [GET] /api/notifications - ::1
[2026-09-09 21:11:30] INFO: [GET] /api/devices - ::1
[2026-09-09 21:11:32] INFO: [GET] /api/notifications - ::1
[2026-09-09 21:11:35] WARN: MQTT reconnecting...
[2026-09-09 21:11:35] ERROR: MQTT error:
[2026-09-09 21:11:35] INFO: [GET] /api/notifications - ::1
[2026-09-09 21:11:35] INFO: [GET] /api/history/admin/all?page=1&limit=100 - ::1
[2026-09-09 21:11:35] INFO: [GET] /api/history/admin/guest-sessions?page=1&limit=100 - ::1
[2026-09-09 21:11:36] INFO: [GET] /api/history/admin/all?page=1&limit=100 - ::1
[2026-09-09 21:11:39] INFO: [GET] /api/history/admin/guest-sessions?page=1&limit=100 - ::1
[2026-09-09 21:11:40] WARN: MQTT reconnecting...
[2026-09-09 21:11:40] ERROR: MQTT error:
[2026-09-09 21:11:40] INFO: [GET] /api/history/admin/all?page=1&limit=100 - ::1
[2026-09-09 21:11:40] INFO: [GET] /api/history/admin/guest-sessions?page=1&limit=100 - ::1
[2026-09-09 21:11:42] INFO: [GET] /api/history/admin/all?page=1&limit=100 - ::1
[2026-09-09 21:11:45] INFO: [GET] /api/history/admin/all?page=1&limit=100&date=2026-09-01 - ::1
[2026-09-09 21:11:45] WARN: MQTT reconnecting...
[2026-09-09 21:11:45] ERROR: MQTT error:
[2026-09-09 21:11:47] INFO: [GET] /api/history/admin/all?page=1&limit=100&date=2026-09-09 - ::1
[2026-09-09 21:11:50] WARN: MQTT reconnecting...
[2026-09-09 21:11:50] ERROR: MQTT error:
[2026-09-09 21:11:50] INFO: [GET] /api/history/admin/all?page=1&limit=100&status=COMPLETED&date=2026-09-09 - ::1
[2026-09-09 21:11:51] INFO: [GET] /api/history/admin/all?page=1&limit=100&date=2026-09-09 - ::1
[2026-09-09 21:11:55] WARN: MQTT reconnecting...
[2026-09-09 21:11:55] ERROR: MQTT error:
[2026-09-09 21:11:55] INFO: [GET] /api/history/admin/all?page=1&limit=100 - ::1
[2026-09-09 21:11:55] INFO: [GET] /api/history/admin/guest-sessions?page=1&limit=100 - ::1
[2026-09-09 21:11:56] INFO: [GET] /api/notifications - ::1
[2026-09-09 21:11:56] INFO: [GET] /api/statistics/dashboard - ::1
[2026-09-09 21:11:56] INFO: [GET] /api/parking/slots - ::1
[2026-09-09 21:11:56] INFO: [GET] /api/statistics/revenue?days=7 - ::1
[2026-09-09 21:11:59] INFO: [POST] /api/auth/logout - ::1
[2026-09-09 21:12:00] WARN: MQTT reconnecting...
[2026-09-09 21:12:00] ERROR: MQTT error:
[2026-09-09 21:12:05] WARN: MQTT reconnecting...
[2026-09-09 21:12:05] ERROR: MQTT error:
[2026-09-09 21:12:10] WARN: MQTT reconnecting...
[2026-09-09 21:12:10] ERROR: MQTT error:
[2026-09-09 21:12:15] WARN: MQTT reconnecting...
[2026-09-09 21:12:15] ERROR: MQTT error:
[2026-09-09 21:12:20] WARN: MQTT reconnecting...
[2026-09-09 21:12:20] ERROR: MQTT error:
[2026-09-09 21:12:25] WARN: MQTT reconnecting...
[2026-09-09 21:12:25] ERROR: MQTT error:
[2026-09-09 21:12:30] WARN: MQTT reconnecting...
[2026-09-09 21:12:30] ERROR: MQTT error:
[2026-09-09 21:12:35] WARN: MQTT reconnecting...
[2026-09-09 21:12:35] ERROR: MQTT error:
[2026-09-09 21:12:40] WARN: MQTT reconnecting...
[2026-09-09 21:12:40] ERROR: MQTT error:
[2026-09-09 21:12:45] WARN: MQTT reconnecting...
[2026-09-09 21:12:45] ERROR: MQTT error:
[2026-09-09 21:12:50] WARN: MQTT reconnecting...
[2026-09-09 21:12:50] ERROR: MQTT error:
[2026-09-09 21:12:55] WARN: MQTT reconnecting...
[2026-09-09 21:12:55] ERROR: MQTT error:
[2026-09-09 21:13:00] WARN: MQTT reconnecting...
[2026-09-09 21:13:00] ERROR: MQTT error:
[2026-09-09 21:13:05] WARN: MQTT reconnecting...
[2026-09-09 21:13:05] ERROR: MQTT error:
[2026-09-09 21:13:10] WARN: MQTT reconnecting...
[2026-09-09 21:13:10] ERROR: MQTT error:
[2026-09-09 21:13:15] WARN: MQTT reconnecting...
[2026-09-09 21:13:15] ERROR: MQTT error:
[2026-09-09 21:13:20] WARN: MQTT reconnecting...
[2026-09-09 21:13:20] ERROR: MQTT error:
[2026-09-09 21:13:25] WARN: MQTT reconnecting...
[2026-09-09 21:13:25] ERROR: MQTT error:
[2026-09-09 21:13:30] WARN: MQTT reconnecting...
[2026-09-09 21:13:30] ERROR: MQTT error:
[2026-09-09 21:13:35] WARN: MQTT reconnecting...
[2026-09-09 21:13:35] ERROR: MQTT error:
[2026-09-09 21:13:40] WARN: MQTT reconnecting...
[2026-09-09 21:13:40] ERROR: MQTT error:
[2026-09-09 21:13:45] WARN: MQTT reconnecting...
[2026-09-09 21:13:45] ERROR: MQTT error:
[2026-09-09 21:13:50] WARN: MQTT reconnecting...
[2026-09-09 21:13:50] ERROR: MQTT error:
[2026-09-09 21:13:55] WARN: MQTT reconnecting...
[2026-09-09 21:13:55] ERROR: MQTT error:
[2026-09-09 21:14:00] WARN: MQTT reconnecting...
[2026-09-09 21:14:00] ERROR: MQTT error:
[2026-09-09 21:14:05] WARN: MQTT reconnecting...
[2026-09-09 21:14:05] ERROR: MQTT error:
[2026-09-09 21:14:10] WARN: MQTT reconnecting...
[2026-09-09 21:14:10] ERROR: MQTT error:
[2026-09-09 21:14:15] WARN: MQTT reconnecting...
[2026-09-09 21:14:15] ERROR: MQTT error:
[2026-09-09 21:14:20] WARN: MQTT reconnecting...
[2026-09-09 21:14:20] ERROR: MQTT error:
[2026-09-09 21:14:25] WARN: MQTT reconnecting...
[2026-09-09 21:14:25] ERROR: MQTT error:
[2026-09-09 21:14:30] WARN: MQTT reconnecting...
[2026-09-09 21:14:30] ERROR: MQTT error:
[2026-09-09 21:14:35] WARN: MQTT reconnecting...
[2026-09-09 21:14:35] ERROR: MQTT error:
[2026-09-09 21:14:40] WARN: MQTT reconnecting...
[2026-09-09 21:14:40] ERROR: MQTT error:
[2026-09-09 21:14:45] WARN: MQTT reconnecting...
[2026-09-09 21:14:45] ERROR: MQTT error:
[2026-09-09 21:14:50] WARN: MQTT reconnecting...
[2026-09-09 21:14:50] ERROR: MQTT error:
[2026-09-09 21:14:55] WARN: MQTT reconnecting...
[2026-09-09 21:14:55] ERROR: MQTT error:
[2026-09-09 21:15:00] WARN: MQTT reconnecting...
[2026-09-09 21:15:00] ERROR: MQTT error:
[2026-09-09 21:15:05] WARN: MQTT reconnecting...
[2026-09-09 21:15:05] ERROR: MQTT error:
[2026-09-09 21:15:10] WARN: MQTT reconnecting...
[2026-09-09 21:15:10] ERROR: MQTT error:
[2026-09-09 21:15:15] WARN: MQTT reconnecting...
[2026-09-09 21:15:15] ERROR: MQTT error:
[2026-09-09 21:15:20] WARN: MQTT reconnecting...
[2026-09-09 21:15:20] ERROR: MQTT error:
[2026-09-09 21:15:25] WARN: MQTT reconnecting...
[2026-09-09 21:15:25] ERROR: MQTT error:
[2026-09-09 21:15:30] WARN: MQTT reconnecting...
[2026-09-09 21:15:30] ERROR: MQTT error:
[2026-09-09 21:15:35] WARN: MQTT reconnecting...
[2026-09-09 21:15:35] ERROR: MQTT error:
[2026-09-09 21:15:40] WARN: MQTT reconnecting...
[2026-09-09 21:15:40] ERROR: MQTT error:
[2026-09-09 21:15:45] WARN: MQTT reconnecting...
[2026-09-09 21:15:45] ERROR: MQTT error:
[2026-09-09 21:15:50] WARN: MQTT reconnecting...
[2026-09-09 21:15:50] ERROR: MQTT error:
[2026-09-09 21:15:55] WARN: MQTT reconnecting...
[2026-09-09 21:15:55] ERROR: MQTT error:
[2026-09-09 21:16:00] WARN: MQTT reconnecting...
[2026-09-09 21:16:00] ERROR: MQTT error:
[2026-09-09 21:16:05] WARN: MQTT reconnecting...
[2026-09-09 21:16:05] ERROR: MQTT error:
[2026-09-09 21:16:10] WARN: MQTT reconnecting...
[2026-09-09 21:16:10] ERROR: MQTT error:
[2026-09-09 21:16:15] WARN: MQTT reconnecting...
[2026-09-09 21:16:15] ERROR: MQTT error:
[2026-09-09 21:16:20] WARN: MQTT reconnecting...
[2026-09-09 21:16:20] ERROR: MQTT error:
[2026-09-09 21:16:25] WARN: MQTT reconnecting...
[2026-09-09 21:16:25] ERROR: MQTT error:
[2026-09-09 21:16:30] WARN: MQTT reconnecting...
[2026-09-09 21:16:30] ERROR: MQTT error:
[2026-09-09 21:21:37] INFO: 📁 Serving static web from: C:\Users\ADMIN\Downloads\Thiet ke ht IOT\BÀi tập lớn\web
[2026-09-09 21:21:37] INFO: ✅ MySQL Database connected
[2026-09-09 21:21:37] INFO: ✅ Socket.IO initialized
[2026-09-09 21:21:37] INFO: ✅ MQTT client connecting...
[2026-09-09 21:21:37] INFO: ✅ Smart Parking Backend running on port 3000
[2026-09-09 21:21:37] INFO:    Environment: development
[2026-09-09 21:21:37] INFO:    API Base URL: http://localhost:3000/api
[2026-09-09 21:21:37] ERROR: MQTT error:
[2026-09-09 21:21:37] WARN: MQTT client offline
[2026-09-09 21:21:42] WARN: MQTT reconnecting...
[2026-09-09 21:21:42] ERROR: MQTT error:
[2026-09-09 21:21:47] WARN: MQTT reconnecting...
[2026-09-09 21:21:47] ERROR: MQTT error:
[2026-09-09 21:21:48] INFO: [POST] /api/auth/login - ::1
[2026-09-09 21:21:49] INFO: [GET] /api/notifications - ::1
[2026-09-09 21:21:49] INFO: [GET] /api/statistics/dashboard - ::1
[2026-09-09 21:21:49] INFO: [GET] /api/parking/slots - ::1
[2026-09-09 21:21:49] INFO: [GET] /api/statistics/revenue?days=7 - ::1
[2026-09-09 21:21:52] WARN: MQTT reconnecting...
[2026-09-09 21:21:52] ERROR: MQTT error:
[2026-09-09 21:21:57] WARN: MQTT reconnecting...
[2026-09-09 21:21:57] ERROR: MQTT error:
[2026-09-09 21:22:02] WARN: MQTT reconnecting...
[2026-09-09 21:22:02] ERROR: MQTT error:
[2026-09-09 21:22:07] WARN: MQTT reconnecting...
[2026-09-09 21:22:07] ERROR: MQTT error:
[2026-09-09 21:22:12] WARN: MQTT reconnecting...
[2026-09-09 21:22:12] ERROR: MQTT error:
[2026-09-09 21:22:17] WARN: MQTT reconnecting...
[2026-09-09 21:22:17] ERROR: MQTT error:
[2026-09-09 21:22:20] INFO: [GET] /api/statistics/dashboard - ::1
[2026-09-09 21:22:20] INFO: [GET] /api/parking/slots - ::1
[2026-09-09 21:22:20] INFO: [GET] /api/statistics/revenue?days=7 - ::1
[2026-09-09 21:22:22] WARN: MQTT reconnecting...
[2026-09-09 21:22:22] ERROR: MQTT error:
[2026-09-09 21:22:28] WARN: MQTT reconnecting...
[2026-09-09 21:22:28] ERROR: MQTT error:
[2026-09-09 21:22:33] WARN: MQTT reconnecting...
[2026-09-09 21:22:33] ERROR: MQTT error:
[2026-09-09 21:22:38] WARN: MQTT reconnecting...
[2026-09-09 21:22:38] ERROR: MQTT error:
[2026-09-09 21:22:43] WARN: MQTT reconnecting...
[2026-09-09 21:22:43] ERROR: MQTT error:
[2026-09-09 21:22:48] WARN: MQTT reconnecting...
[2026-09-09 21:22:48] ERROR: MQTT error:
[2026-09-09 21:22:50] INFO: [GET] /api/statistics/dashboard - ::1
[2026-09-09 21:22:50] INFO: [GET] /api/parking/slots - ::1
[2026-09-09 21:22:50] INFO: [GET] /api/statistics/revenue?days=7 - ::1
[2026-09-09 21:22:53] WARN: MQTT reconnecting...
[2026-09-09 21:22:53] ERROR: MQTT error:
[2026-09-09 21:22:58] WARN: MQTT reconnecting...
[2026-09-09 21:22:58] ERROR: MQTT error:
[2026-09-09 21:23:03] WARN: MQTT reconnecting...
[2026-09-09 21:23:03] ERROR: MQTT error:
[2026-09-09 21:23:08] WARN: MQTT reconnecting...
[2026-09-09 21:23:08] ERROR: MQTT error:
[2026-09-09 21:23:13] WARN: MQTT reconnecting...
[2026-09-09 21:23:13] ERROR: MQTT error:
[2026-09-09 21:23:18] WARN: MQTT reconnecting...
[2026-09-09 21:23:18] ERROR: MQTT error:
[2026-09-09 21:23:19] INFO: [GET] /api/statistics/dashboard - ::1
[2026-09-09 21:23:19] INFO: [GET] /api/parking/slots - ::1
[2026-09-09 21:23:19] INFO: [GET] /api/statistics/revenue?days=7 - ::1
[2026-09-09 21:23:23] WARN: MQTT reconnecting...
[2026-09-09 21:23:23] ERROR: MQTT error:
[2026-09-09 21:23:28] WARN: MQTT reconnecting...
[2026-09-09 21:23:28] ERROR: MQTT error:
[2026-09-09 21:23:33] WARN: MQTT reconnecting...
[2026-09-09 21:23:33] ERROR: MQTT error:
[2026-09-09 21:23:38] WARN: MQTT reconnecting...
[2026-09-09 21:23:38] ERROR: MQTT error:
[2026-09-09 21:23:43] WARN: MQTT reconnecting...
[2026-09-09 21:23:43] ERROR: MQTT error:
[2026-09-09 21:23:48] WARN: MQTT reconnecting...
[2026-09-09 21:23:48] ERROR: MQTT error:
[2026-09-09 21:23:49] INFO: [GET] /api/statistics/dashboard - ::1
[2026-09-09 21:23:49] INFO: [GET] /api/parking/slots - ::1
[2026-09-09 21:23:49] INFO: [GET] /api/statistics/revenue?days=7 - ::1
[2026-09-09 21:23:53] WARN: MQTT reconnecting...
[2026-09-09 21:23:53] ERROR: MQTT error:
[2026-09-09 21:23:58] WARN: MQTT reconnecting...
[2026-09-09 21:23:58] ERROR: MQTT error:
[2026-09-09 21:24:03] WARN: MQTT reconnecting...
[2026-09-09 21:24:03] ERROR: MQTT error:
[2026-09-09 21:24:08] WARN: MQTT reconnecting...
[2026-09-09 21:24:08] ERROR: MQTT error:
[2026-09-09 21:24:13] WARN: MQTT reconnecting...
[2026-09-09 21:24:13] ERROR: MQTT error:
[2026-09-09 21:24:18] WARN: MQTT reconnecting...
[2026-09-09 21:24:18] ERROR: MQTT error:
[2026-09-09 21:24:20] INFO: [GET] /api/statistics/dashboard - ::1
[2026-09-09 21:24:20] INFO: [GET] /api/parking/slots - ::1
[2026-09-09 21:24:20] INFO: [GET] /api/statistics/revenue?days=7 - ::1
[2026-09-09 21:24:23] WARN: MQTT reconnecting...
[2026-09-09 21:24:23] ERROR: MQTT error:
[2026-09-09 21:24:28] WARN: MQTT reconnecting...
[2026-09-09 21:24:28] ERROR: MQTT error:
[2026-09-09 21:24:33] WARN: MQTT reconnecting...
[2026-09-09 21:24:33] ERROR: MQTT error:
[2026-09-09 21:24:38] WARN: MQTT reconnecting...
[2026-09-09 21:24:38] ERROR: MQTT error:
[2026-09-09 21:24:43] WARN: MQTT reconnecting...
[2026-09-09 21:24:43] ERROR: MQTT error:
[2026-09-09 21:24:48] WARN: MQTT reconnecting...
[2026-09-09 21:24:48] ERROR: MQTT error:
[2026-09-09 21:24:50] INFO: [GET] /api/statistics/dashboard - ::1
[2026-09-09 21:24:50] INFO: [GET] /api/parking/slots - ::1
[2026-09-09 21:24:50] INFO: [GET] /api/statistics/revenue?days=7 - ::1
[2026-09-09 21:24:53] WARN: MQTT reconnecting...
[2026-09-09 21:24:53] ERROR: MQTT error:
[2026-09-09 21:24:58] WARN: MQTT reconnecting...
[2026-09-09 21:24:58] ERROR: MQTT error:
[2026-09-09 21:25:03] WARN: MQTT reconnecting...
[2026-09-09 21:25:03] ERROR: MQTT error:
[2026-09-09 21:25:08] WARN: MQTT reconnecting...
[2026-09-09 21:25:08] ERROR: MQTT error:
[2026-09-09 21:25:13] WARN: MQTT reconnecting...
[2026-09-09 21:25:13] ERROR: MQTT error:
[2026-09-09 21:25:18] WARN: MQTT reconnecting...
[2026-09-09 21:25:18] ERROR: MQTT error:
[2026-09-09 21:25:23] WARN: MQTT reconnecting...
[2026-09-09 21:25:23] ERROR: MQTT error:
[2026-09-09 21:25:28] WARN: MQTT reconnecting...
[2026-09-09 21:25:28] ERROR: MQTT error:
[2026-09-09 21:25:30] INFO: [GET] /api/statistics/dashboard - ::1
[2026-09-09 21:25:30] INFO: [GET] /api/parking/slots - ::1
[2026-09-09 21:25:30] INFO: [GET] /api/statistics/revenue?days=7 - ::1
[2026-09-09 21:25:33] WARN: MQTT reconnecting...
[2026-09-09 21:25:33] ERROR: MQTT error:
[2026-09-09 21:25:38] WARN: MQTT reconnecting...
[2026-09-09 21:25:38] ERROR: MQTT error:
[2026-09-09 21:25:43] WARN: MQTT reconnecting...
[2026-09-09 21:25:43] ERROR: MQTT error:
[2026-09-09 21:25:48] WARN: MQTT reconnecting...
[2026-09-09 21:25:48] ERROR: MQTT error:
[2026-09-09 21:25:50] INFO: [GET] /api/statistics/dashboard - ::1
[2026-09-09 21:25:50] INFO: [GET] /api/parking/slots - ::1
[2026-09-09 21:25:50] INFO: [GET] /api/statistics/revenue?days=7 - ::1
[2026-09-09 21:25:53] WARN: MQTT reconnecting...
[2026-09-09 21:25:53] ERROR: MQTT error:
[2026-09-09 21:25:58] WARN: MQTT reconnecting...
[2026-09-09 21:25:58] ERROR: MQTT error:
[2026-09-09 21:26:03] WARN: MQTT reconnecting...
[2026-09-09 21:26:03] ERROR: MQTT error:
[2026-09-09 21:26:04] INFO: [GET] /api/notifications - ::1
[2026-09-09 21:26:08] WARN: MQTT reconnecting...
[2026-09-09 21:26:08] ERROR: MQTT error:
[2026-09-09 21:26:13] WARN: MQTT reconnecting...
[2026-09-09 21:26:13] ERROR: MQTT error:
[2026-09-09 21:26:18] WARN: MQTT reconnecting...
[2026-09-09 21:26:18] ERROR: MQTT error:
[2026-09-09 21:26:23] WARN: MQTT reconnecting...
[2026-09-09 21:26:23] ERROR: MQTT error:
[2026-09-09 21:26:28] WARN: MQTT reconnecting...
[2026-09-09 21:26:28] ERROR: MQTT error:
[2026-09-09 21:26:33] WARN: MQTT reconnecting...
[2026-09-09 21:26:33] ERROR: MQTT error:
[2026-09-09 21:26:38] WARN: MQTT reconnecting...
[2026-09-09 21:26:38] ERROR: MQTT error:
[2026-09-09 21:26:43] WARN: MQTT reconnecting...
[2026-09-09 21:26:43] ERROR: MQTT error:
[2026-09-09 21:26:48] WARN: MQTT reconnecting...
[2026-09-09 21:26:48] ERROR: MQTT error:
[2026-09-09 21:26:53] WARN: MQTT reconnecting...
[2026-09-09 21:26:53] ERROR: MQTT error:
[2026-09-09 21:26:58] INFO: [GET] /api/notifications - ::1
[2026-09-09 21:26:58] INFO: [GET] /api/history/admin/all?page=1&limit=100 - ::1
[2026-09-09 21:26:58] INFO: [GET] /api/history/admin/guest-sessions?page=1&limit=100 - ::1
[2026-09-09 21:26:58] WARN: MQTT reconnecting...
[2026-09-09 21:26:58] ERROR: MQTT error:
[2026-09-09 21:27:03] WARN: MQTT reconnecting...
[2026-09-09 21:27:03] ERROR: MQTT error:
[2026-09-09 21:27:08] WARN: MQTT reconnecting...
[2026-09-09 21:27:08] ERROR: MQTT error:
[2026-09-09 21:27:13] WARN: MQTT reconnecting...
[2026-09-09 21:27:13] ERROR: MQTT error:
[2026-09-09 21:27:18] WARN: MQTT reconnecting...
[2026-09-09 21:27:18] ERROR: MQTT error:
[2026-09-09 21:27:23] WARN: MQTT reconnecting...
[2026-09-09 21:27:23] ERROR: MQTT error:
[2026-09-09 21:27:28] WARN: MQTT reconnecting...
[2026-09-09 21:27:28] ERROR: MQTT error:
[2026-09-09 21:27:33] WARN: MQTT reconnecting...
[2026-09-09 21:27:33] ERROR: MQTT error:
[2026-09-09 21:27:38] WARN: MQTT reconnecting...
[2026-09-09 21:27:38] ERROR: MQTT error:
[2026-09-09 21:27:43] WARN: MQTT reconnecting...
[2026-09-09 21:27:43] ERROR: MQTT error:
[2026-09-09 21:27:48] WARN: MQTT reconnecting...
[2026-09-09 21:27:48] ERROR: MQTT error:
[2026-09-09 21:27:53] WARN: MQTT reconnecting...
[2026-09-09 21:27:53] ERROR: MQTT error:
[2026-09-09 21:27:58] WARN: MQTT reconnecting...
[2026-09-09 21:27:58] ERROR: MQTT error:
[2026-09-09 21:28:03] WARN: MQTT reconnecting...
[2026-09-09 21:28:03] ERROR: MQTT error:
[2026-09-09 21:28:08] INFO: 📁 Serving static web from: C:\Users\ADMIN\Downloads\Thiet ke ht IOT\BÀi tập lớn\web
[2026-09-09 21:28:08] INFO: ✅ MySQL Database connected
[2026-09-09 21:28:08] INFO: ✅ Socket.IO initialized
[2026-09-09 21:28:08] INFO: ✅ MQTT client connecting...
[2026-09-09 21:28:08] INFO: ✅ Smart Parking Backend running on port 3000
[2026-09-09 21:28:08] INFO:    Environment: development
[2026-09-09 21:28:08] INFO:    API Base URL: http://localhost:3000/api
[2026-09-09 21:28:08] ERROR: MQTT error:
[2026-09-09 21:28:08] WARN: MQTT client offline
[2026-09-09 21:28:13] WARN: MQTT reconnecting...
[2026-09-09 21:28:13] ERROR: MQTT error:
[2026-09-09 21:28:18] WARN: MQTT reconnecting...
[2026-09-09 21:28:18] ERROR: MQTT error:
[2026-09-09 21:28:23] WARN: MQTT reconnecting...
[2026-09-09 21:28:23] ERROR: MQTT error:
[2026-09-09 21:28:28] WARN: MQTT reconnecting...
[2026-09-09 21:28:28] ERROR: MQTT error:
[2026-09-09 21:28:33] WARN: MQTT reconnecting...
[2026-09-09 21:28:33] ERROR: MQTT error:
[2026-09-09 21:28:38] WARN: MQTT reconnecting...
[2026-09-09 21:28:38] ERROR: MQTT error:
[2026-09-09 21:28:43] WARN: MQTT reconnecting...
[2026-09-09 21:28:43] ERROR: MQTT error:
[2026-09-09 21:28:48] WARN: MQTT reconnecting...
[2026-09-09 21:28:48] ERROR: MQTT error:
[2026-09-09 21:28:53] WARN: MQTT reconnecting...
[2026-09-09 21:28:53] ERROR: MQTT error:
[2026-09-09 21:28:58] WARN: MQTT reconnecting...
[2026-09-09 21:28:58] ERROR: MQTT error:
[2026-09-09 21:29:03] WARN: MQTT reconnecting...
[2026-09-09 21:29:03] ERROR: MQTT error:
[2026-09-09 21:29:08] WARN: MQTT reconnecting...
[2026-09-09 21:29:08] ERROR: MQTT error:
[2026-09-09 21:29:13] WARN: MQTT reconnecting...
[2026-09-09 21:29:13] ERROR: MQTT error:
[2026-09-09 21:29:18] WARN: MQTT reconnecting...
[2026-09-09 21:29:18] ERROR: MQTT error:
[2026-09-09 21:29:23] WARN: MQTT reconnecting...
[2026-09-09 21:29:23] ERROR: MQTT error:
[2026-09-09 21:29:28] WARN: MQTT reconnecting...
[2026-09-09 21:29:28] ERROR: MQTT error:
[2026-09-09 21:29:33] WARN: MQTT reconnecting...
[2026-09-09 21:29:33] ERROR: MQTT error:
[2026-09-09 21:29:38] WARN: MQTT reconnecting...
[2026-09-09 21:29:38] ERROR: MQTT error:
[2026-09-09 21:29:43] WARN: MQTT reconnecting...
[2026-09-09 21:29:43] ERROR: MQTT error:
[2026-09-09 21:29:48] WARN: MQTT reconnecting...
[2026-09-09 21:29:48] ERROR: MQTT error:
[2026-09-09 21:29:53] WARN: MQTT reconnecting...
[2026-09-09 21:29:53] ERROR: MQTT error:
[2026-09-09 21:29:58] WARN: MQTT reconnecting...
[2026-09-09 21:29:58] ERROR: MQTT error:
[2026-09-09 21:30:03] WARN: MQTT reconnecting...
[2026-09-09 21:30:03] ERROR: MQTT error:
[2026-09-09 21:30:08] WARN: MQTT reconnecting...
[2026-09-09 21:30:08] ERROR: MQTT error:
[2026-09-09 21:30:13] WARN: MQTT reconnecting...
[2026-09-09 21:30:13] ERROR: MQTT error:
[2026-09-09 21:30:18] WARN: MQTT reconnecting...
[2026-09-09 21:30:18] ERROR: MQTT error:
[2026-09-09 21:30:23] WARN: MQTT reconnecting...
[2026-09-09 21:30:23] ERROR: MQTT error:
[2026-09-09 21:30:28] WARN: MQTT reconnecting...
[2026-09-09 21:30:28] ERROR: MQTT error:
[2026-09-09 21:30:33] WARN: MQTT reconnecting...
[2026-09-09 21:30:33] ERROR: MQTT error:
[2026-09-09 21:30:38] WARN: MQTT reconnecting...
[2026-09-09 21:30:38] ERROR: MQTT error:
[2026-09-09 21:30:43] WARN: MQTT reconnecting...
[2026-09-09 21:30:43] ERROR: MQTT error:
[2026-09-09 21:30:48] WARN: MQTT reconnecting...
[2026-09-09 21:30:48] ERROR: MQTT error:
[2026-09-09 21:30:49] INFO: [POST] /api/auth/login - ::1
[2026-09-09 21:30:50] INFO: [GET] /api/statistics/dashboard - ::1
[2026-09-09 21:30:50] ERROR: DB Query Error:
[2026-09-09 21:30:50] ERROR: [ERROR] GET /api/statistics/dashboard: Unknown column 'ph.plate_number' in 'field list'
Error: Unknown column 'ph.plate_number' in 'field list'
    at query (C:\Users\ADMIN\Downloads\Thiet ke ht IOT\BÀi tập lớn\backend_csdl\src\config\db.js:35:31)
    at getDashboard (C:\Users\ADMIN\Downloads\Thiet ke ht IOT\BÀi tập lớn\backend_csdl\src\controllers\statisticsController.js:40:33)
    at process.processTicksAndRejections (node:internal/process/task_queues:105:5)
[2026-09-09 21:30:53] WARN: MQTT reconnecting...
[2026-09-09 21:30:53] ERROR: MQTT error:
[2026-09-09 21:30:58] WARN: MQTT reconnecting...
[2026-09-09 21:30:58] ERROR: MQTT error:
[2026-09-09 21:31:03] WARN: MQTT reconnecting...
[2026-09-09 21:31:03] ERROR: MQTT error:
[2026-09-09 21:31:08] WARN: MQTT reconnecting...
[2026-09-09 21:31:08] ERROR: MQTT error:
[2026-09-09 21:31:13] WARN: MQTT reconnecting...
[2026-09-09 21:31:13] ERROR: MQTT error:
[2026-09-09 21:31:19] WARN: MQTT reconnecting...
[2026-09-09 21:31:19] ERROR: MQTT error:
[2026-09-09 21:31:22] INFO: [POST] /api/auth/login - ::1
[2026-09-09 21:31:22] INFO: [GET] /api/statistics/dashboard - ::1
[2026-09-09 21:31:24] WARN: MQTT reconnecting...
[2026-09-09 21:31:24] ERROR: MQTT error:
[2026-09-09 21:31:29] WARN: MQTT reconnecting...
[2026-09-09 21:31:29] ERROR: MQTT error:
[2026-09-09 21:31:34] WARN: MQTT reconnecting...
[2026-09-09 21:31:34] ERROR: MQTT error:
[2026-09-09 21:31:39] WARN: MQTT reconnecting...
[2026-09-09 21:31:39] ERROR: MQTT error:
[2026-09-09 21:31:39] ERROR: DB Query Error:
[2026-09-09 21:31:44] WARN: MQTT reconnecting...
[2026-09-09 21:31:44] ERROR: MQTT error:
[2026-09-09 21:31:49] WARN: MQTT reconnecting...
[2026-09-09 21:31:49] ERROR: MQTT error:
[2026-09-09 21:31:54] WARN: MQTT reconnecting...
[2026-09-09 21:31:54] ERROR: MQTT error:
[2026-09-09 21:31:59] WARN: MQTT reconnecting...
[2026-09-09 21:31:59] ERROR: MQTT error:
[2026-09-09 21:32:04] WARN: MQTT reconnecting...
[2026-09-09 21:32:04] ERROR: MQTT error:
[2026-09-09 21:32:07] INFO: [GET] /api/statistics/dashboard - ::1
[2026-09-09 21:32:09] WARN: MQTT reconnecting...
[2026-09-09 21:32:09] ERROR: MQTT error:
[2026-09-09 21:32:14] WARN: MQTT reconnecting...
[2026-09-09 21:32:14] ERROR: MQTT error:
[2026-09-09 21:32:19] WARN: MQTT reconnecting...
[2026-09-09 21:32:19] ERROR: MQTT error:
[2026-09-09 21:32:24] WARN: MQTT reconnecting...
[2026-09-09 21:32:24] ERROR: MQTT error:
[2026-09-09 21:32:29] WARN: MQTT reconnecting...
[2026-09-09 21:32:29] ERROR: MQTT error:
[2026-09-09 21:32:34] WARN: MQTT reconnecting...
[2026-09-09 21:32:34] ERROR: MQTT error:
[2026-09-09 21:32:39] WARN: MQTT reconnecting...
[2026-09-09 21:32:39] ERROR: MQTT error:
[2026-09-09 21:32:44] WARN: MQTT reconnecting...
[2026-09-09 21:32:44] ERROR: MQTT error:
[2026-09-09 21:32:49] WARN: MQTT reconnecting...
[2026-09-09 21:32:49] ERROR: MQTT error:
[2026-09-09 21:32:54] WARN: MQTT reconnecting...
[2026-09-09 21:32:54] ERROR: MQTT error:
[2026-09-09 21:32:54] INFO: [GET] /api/statistics/dashboard - ::1
[2026-09-09 21:32:54] ERROR: DB Query Error:
[2026-09-09 21:32:54] ERROR: [ERROR] GET /api/statistics/dashboard: Unknown column 'ph.plate_number' in 'field list'
Error: Unknown column 'ph.plate_number' in 'field list'
    at query (C:\Users\ADMIN\Downloads\Thiet ke ht IOT\BÀi tập lớn\backend_csdl\src\config\db.js:35:31)
    at getDashboard (C:\Users\ADMIN\Downloads\Thiet ke ht IOT\BÀi tập lớn\backend_csdl\src\controllers\statisticsController.js:40:33)
    at process.processTicksAndRejections (node:internal/process/task_queues:105:5)
[2026-09-09 21:32:59] WARN: MQTT reconnecting...
[2026-09-09 21:32:59] ERROR: MQTT error:
[2026-09-09 21:33:04] WARN: MQTT reconnecting...
[2026-09-09 21:33:04] ERROR: MQTT error:
[2026-09-09 21:33:09] WARN: MQTT reconnecting...
[2026-09-09 21:33:09] ERROR: MQTT error:
[2026-09-09 21:33:14] WARN: MQTT reconnecting...
[2026-09-09 21:33:14] ERROR: MQTT error:
[2026-09-09 21:33:19] WARN: MQTT reconnecting...
[2026-09-09 21:33:19] ERROR: MQTT error:
[2026-09-09 21:33:24] WARN: MQTT reconnecting...
[2026-09-09 21:33:24] ERROR: MQTT error:
[2026-09-09 21:33:29] WARN: MQTT reconnecting...
[2026-09-09 21:33:29] ERROR: MQTT error:
[2026-09-09 21:33:30] INFO: [GET] /api/notifications - ::1
[2026-09-09 21:33:30] INFO: [GET] /api/statistics/dashboard - ::1
[2026-09-09 21:33:30] INFO: [GET] /api/parking/slots - ::1
[2026-09-09 21:33:30] ERROR: DB Query Error:
[2026-09-09 21:33:30] ERROR: [ERROR] GET /api/statistics/dashboard: Unknown column 'ph.plate_number' in 'field list'
Error: Unknown column 'ph.plate_number' in 'field list'
    at query (C:\Users\ADMIN\Downloads\Thiet ke ht IOT\BÀi tập lớn\backend_csdl\src\config\db.js:35:31)
    at getDashboard (C:\Users\ADMIN\Downloads\Thiet ke ht IOT\BÀi tập lớn\backend_csdl\src\controllers\statisticsController.js:40:33)
    at process.processTicksAndRejections (node:internal/process/task_queues:105:5)
[2026-09-09 21:33:30] INFO: [GET] /api/statistics/revenue?days=7 - ::1
[2026-09-09 21:33:34] WARN: MQTT reconnecting...
[2026-09-09 21:33:34] ERROR: MQTT error:
[2026-09-09 21:33:39] WARN: MQTT reconnecting...
[2026-09-09 21:33:39] ERROR: MQTT error:
[2026-09-09 21:33:42] INFO: 📁 Serving static web from: C:\Users\ADMIN\Downloads\Thiet ke ht IOT\BÀi tập lớn\web
[2026-09-09 21:33:42] INFO: ✅ MySQL Database connected
[2026-09-09 21:33:42] INFO: ✅ Socket.IO initialized
[2026-09-09 21:33:42] INFO: ✅ MQTT client connecting...
[2026-09-09 21:33:42] INFO: ✅ Smart Parking Backend running on port 3000
[2026-09-09 21:33:42] INFO:    Environment: development
[2026-09-09 21:33:42] INFO:    API Base URL: http://localhost:3000/api
[2026-09-09 21:33:42] ERROR: MQTT error:
[2026-09-09 21:33:42] WARN: MQTT client offline
[2026-09-09 21:33:47] WARN: MQTT reconnecting...
[2026-09-09 21:33:47] ERROR: MQTT error:
[2026-09-09 21:33:50] INFO: [GET] /api/statistics/dashboard - ::1
[2026-09-09 21:33:52] WARN: MQTT reconnecting...
[2026-09-09 21:33:52] ERROR: MQTT error:
[2026-09-09 21:33:57] WARN: MQTT reconnecting...
[2026-09-09 21:33:57] ERROR: MQTT error:
[2026-09-09 21:34:00] INFO: [GET] /api/statistics/dashboard - ::1
[2026-09-09 21:34:00] INFO: [GET] /api/parking/slots - ::1
[2026-09-09 21:34:00] INFO: [GET] /api/statistics/revenue?days=7 - ::1
[2026-09-09 21:34:02] WARN: MQTT reconnecting...
[2026-09-09 21:34:02] ERROR: MQTT error:
[2026-09-09 21:34:07] WARN: MQTT reconnecting...
[2026-09-09 21:34:07] ERROR: MQTT error:
[2026-09-09 21:34:12] WARN: MQTT reconnecting...
[2026-09-09 21:34:12] ERROR: MQTT error:
[2026-09-09 21:34:18] WARN: MQTT reconnecting...
[2026-09-09 21:34:18] ERROR: MQTT error:
[2026-09-09 21:34:21] INFO: [GET] /api/parking/slots - ::1
[2026-09-09 21:34:23] WARN: MQTT reconnecting...
[2026-09-09 21:34:23] ERROR: MQTT error:
[2026-09-09 21:34:28] WARN: MQTT reconnecting...
[2026-09-09 21:34:28] ERROR: MQTT error:
[2026-09-09 21:34:30] INFO: [GET] /api/statistics/dashboard - ::1
[2026-09-09 21:34:30] INFO: [GET] /api/parking/slots - ::1
[2026-09-09 21:34:30] INFO: [GET] /api/statistics/revenue?days=7 - ::1
[2026-09-09 21:34:33] WARN: MQTT reconnecting...
[2026-09-09 21:34:33] ERROR: MQTT error:
[2026-09-09 21:34:38] WARN: MQTT reconnecting...
[2026-09-09 21:34:38] ERROR: MQTT error:
[2026-09-09 21:34:43] WARN: MQTT reconnecting...
[2026-09-09 21:34:43] ERROR: MQTT error:
[2026-09-09 21:34:48] WARN: MQTT reconnecting...
[2026-09-09 21:34:48] ERROR: MQTT error:
[2026-09-09 21:34:53] WARN: MQTT reconnecting...
[2026-09-09 21:34:53] ERROR: MQTT error:
[2026-09-09 21:34:58] WARN: MQTT reconnecting...
[2026-09-09 21:34:58] ERROR: MQTT error:
[2026-09-09 21:35:00] INFO: [GET] /api/statistics/dashboard - ::1
[2026-09-09 21:35:00] INFO: [GET] /api/parking/slots - ::1
[2026-09-09 21:35:00] INFO: [GET] /api/statistics/revenue?days=7 - ::1
[2026-09-09 21:35:03] WARN: MQTT reconnecting...
[2026-09-09 21:35:03] ERROR: MQTT error:
[2026-09-09 21:35:06] INFO: [GET] /api/statistics/revenue?days=7 - ::1
[2026-09-09 21:35:08] WARN: MQTT reconnecting...
[2026-09-09 21:35:08] ERROR: MQTT error:
[2026-09-09 21:35:13] WARN: MQTT reconnecting...
[2026-09-09 21:35:13] ERROR: MQTT error:
[2026-09-09 21:35:18] WARN: MQTT reconnecting...
[2026-09-09 21:35:18] ERROR: MQTT error:
[2026-09-09 21:35:23] WARN: MQTT reconnecting...
[2026-09-09 21:35:23] ERROR: MQTT error:
[2026-09-09 21:35:28] WARN: MQTT reconnecting...
[2026-09-09 21:35:28] ERROR: MQTT error:
[2026-09-09 21:35:30] INFO: [GET] /api/statistics/dashboard - ::1
[2026-09-09 21:35:30] INFO: [GET] /api/parking/slots - ::1
[2026-09-09 21:35:30] INFO: [GET] /api/statistics/revenue?days=7 - ::1
[2026-09-09 21:35:33] WARN: MQTT reconnecting...
[2026-09-09 21:35:33] ERROR: MQTT error:
[2026-09-09 21:35:38] WARN: MQTT reconnecting...
[2026-09-09 21:35:38] ERROR: MQTT error:
[2026-09-09 21:35:43] WARN: MQTT reconnecting...
[2026-09-09 21:35:43] ERROR: MQTT error:
[2026-09-09 21:35:48] WARN: MQTT reconnecting...
[2026-09-09 21:35:48] ERROR: MQTT error:
[2026-09-09 21:35:53] WARN: MQTT reconnecting...
[2026-09-09 21:35:53] ERROR: MQTT error:
[2026-09-09 21:35:58] WARN: MQTT reconnecting...
[2026-09-09 21:35:58] ERROR: MQTT error:
[2026-09-09 21:36:00] INFO: [GET] /api/statistics/dashboard - ::1
[2026-09-09 21:36:00] INFO: [GET] /api/parking/slots - ::1
[2026-09-09 21:36:00] INFO: [GET] /api/statistics/revenue?days=7 - ::1
[2026-09-09 21:36:03] WARN: MQTT reconnecting...
[2026-09-09 21:36:03] ERROR: MQTT error:
[2026-09-09 21:36:08] WARN: MQTT reconnecting...
[2026-09-09 21:36:08] ERROR: MQTT error:
[2026-09-09 21:36:13] WARN: MQTT reconnecting...
[2026-09-09 21:36:13] ERROR: MQTT error:
[2026-09-09 21:36:18] WARN: MQTT reconnecting...
[2026-09-09 21:36:18] ERROR: MQTT error:
[2026-09-09 21:36:23] WARN: MQTT reconnecting...
[2026-09-09 21:36:23] ERROR: MQTT error:
[2026-09-09 21:36:28] WARN: MQTT reconnecting...
[2026-09-09 21:36:28] ERROR: MQTT error:
[2026-09-09 21:36:30] INFO: [GET] /api/statistics/dashboard - ::1
[2026-09-09 21:36:30] INFO: [GET] /api/parking/slots - ::1
[2026-09-09 21:36:30] INFO: [GET] /api/statistics/revenue?days=7 - ::1
[2026-09-09 21:36:33] WARN: MQTT reconnecting...
[2026-09-09 21:36:33] ERROR: MQTT error:
[2026-09-09 21:36:38] WARN: MQTT reconnecting...
[2026-09-09 21:36:38] ERROR: MQTT error:
[2026-09-09 21:36:43] WARN: MQTT reconnecting...
[2026-09-09 21:36:43] ERROR: MQTT error:
[2026-09-09 21:36:48] WARN: MQTT reconnecting...
[2026-09-09 21:36:48] ERROR: MQTT error:
[2026-09-09 21:36:53] WARN: MQTT reconnecting...
[2026-09-09 21:36:53] ERROR: MQTT error:
[2026-09-09 21:36:58] WARN: MQTT reconnecting...
[2026-09-09 21:36:58] ERROR: MQTT error:
[2026-09-09 21:37:03] WARN: MQTT reconnecting...
[2026-09-09 21:37:03] ERROR: MQTT error:
[2026-09-09 21:37:08] WARN: MQTT reconnecting...
[2026-09-09 21:37:08] ERROR: MQTT error:
[2026-09-09 21:37:13] WARN: MQTT reconnecting...
[2026-09-09 21:37:13] ERROR: MQTT error:
[2026-09-09 21:37:18] WARN: MQTT reconnecting...
[2026-09-09 21:37:18] ERROR: MQTT error:
[2026-09-09 21:37:18] INFO: [GET] /api/statistics/dashboard - ::1
[2026-09-09 21:37:18] INFO: [GET] /api/parking/slots - ::1
[2026-09-09 21:37:18] INFO: [GET] /api/statistics/revenue?days=7 - ::1
[2026-09-09 21:37:21] INFO: [GET] /api/notifications - ::1
[2026-09-09 21:37:21] INFO: [GET] /api/statistics/dashboard - ::1
[2026-09-09 21:37:21] INFO: [GET] /api/parking/slots - ::1
[2026-09-09 21:37:21] INFO: [GET] /api/statistics/revenue?days=7 - ::1
[2026-09-09 21:37:23] WARN: MQTT reconnecting...
[2026-09-09 21:37:23] ERROR: MQTT error:
[2026-09-09 21:37:28] WARN: MQTT reconnecting...
[2026-09-09 21:37:28] ERROR: MQTT error:
[2026-09-09 21:37:33] WARN: MQTT reconnecting...
[2026-09-09 21:37:33] ERROR: MQTT error:
[2026-09-09 21:37:38] WARN: MQTT reconnecting...
[2026-09-09 21:37:38] ERROR: MQTT error:
[2026-09-09 21:37:43] WARN: MQTT reconnecting...
[2026-09-09 21:37:43] ERROR: MQTT error:
[2026-09-09 21:37:48] WARN: MQTT reconnecting...
[2026-09-09 21:37:48] ERROR: MQTT error:
[2026-09-09 21:37:50] INFO: [GET] /api/statistics/dashboard - ::1
[2026-09-09 21:37:50] INFO: [GET] /api/parking/slots - ::1
[2026-09-09 21:37:51] INFO: [GET] /api/statistics/revenue?days=7 - ::1
[2026-09-09 21:37:53] WARN: MQTT reconnecting...
[2026-09-09 21:37:53] ERROR: MQTT error:
[2026-09-09 21:37:57] INFO: [GET] /api/notifications - ::1
[2026-09-09 21:37:58] INFO: [GET] /api/parking/slots - ::1
[2026-09-09 21:37:58] INFO: [GET] /api/devices - ::1
[2026-09-09 21:37:58] INFO: [GET] /api/parking/slots/summary - ::1
[2026-09-09 21:37:58] WARN: MQTT reconnecting...
[2026-09-09 21:37:58] ERROR: MQTT error:
[2026-09-09 21:38:00] INFO: [GET] /api/notifications - ::1
[2026-09-09 21:38:00] INFO: [GET] /api/devices - ::1
[2026-09-09 21:38:01] INFO: [GET] /api/notifications - ::1
[2026-09-09 21:38:03] INFO: [GET] /api/notifications - ::1
[2026-09-09 21:38:03] INFO: [GET] /api/history/admin/all?page=1&limit=100 - ::1
[2026-09-09 21:38:03] INFO: [GET] /api/history/admin/guest-sessions?page=1&limit=100 - ::1
[2026-09-09 21:38:03] WARN: MQTT reconnecting...
[2026-09-09 21:38:03] ERROR: MQTT error:
[2026-09-09 21:38:08] INFO: [GET] /api/history/admin/guest-sessions?page=1&limit=100 - ::1
[2026-09-09 21:38:08] WARN: MQTT reconnecting...
[2026-09-09 21:38:08] ERROR: MQTT error:
[2026-09-09 21:38:13] WARN: MQTT reconnecting...
[2026-09-09 21:38:13] ERROR: MQTT error:
[2026-09-09 21:38:14] INFO: [GET] /api/notifications - ::1
[2026-09-09 21:38:14] INFO: [GET] /api/statistics/dashboard - ::1
[2026-09-09 21:38:14] INFO: [GET] /api/parking/slots - ::1
[2026-09-09 21:38:15] INFO: [GET] /api/statistics/revenue?days=7 - ::1
[2026-09-09 21:38:18] WARN: MQTT reconnecting...
[2026-09-09 21:38:18] ERROR: MQTT error:
[2026-09-09 21:38:23] WARN: MQTT reconnecting...
[2026-09-09 21:38:23] ERROR: MQTT error:
[2026-09-09 21:38:28] WARN: MQTT reconnecting...
[2026-09-09 21:38:28] ERROR: MQTT error:
[2026-09-09 21:38:33] WARN: MQTT reconnecting...
[2026-09-09 21:38:33] ERROR: MQTT error:
[2026-09-09 21:38:38] WARN: MQTT reconnecting...
[2026-09-09 21:38:38] ERROR: MQTT error:
[2026-09-09 21:38:43] WARN: MQTT reconnecting...
[2026-09-09 21:38:43] ERROR: MQTT error:
[2026-09-09 21:38:45] INFO: [GET] /api/statistics/dashboard - ::1
[2026-09-09 21:38:45] INFO: [GET] /api/parking/slots - ::1
[2026-09-09 21:38:45] INFO: [GET] /api/statistics/revenue?days=7 - ::1
[2026-09-09 21:38:48] WARN: MQTT reconnecting...
[2026-09-09 21:38:48] ERROR: MQTT error:
[2026-09-09 21:38:53] WARN: MQTT reconnecting...
[2026-09-09 21:38:53] ERROR: MQTT error:
[2026-09-09 21:38:58] WARN: MQTT reconnecting...
[2026-09-09 21:38:58] ERROR: MQTT error:
[2026-09-09 21:39:03] WARN: MQTT reconnecting...
[2026-09-09 21:39:03] ERROR: MQTT error:
[2026-09-09 21:39:08] WARN: MQTT reconnecting...
[2026-09-09 21:39:08] ERROR: MQTT error:
[2026-09-09 21:39:13] WARN: MQTT reconnecting...
[2026-09-09 21:39:13] ERROR: MQTT error:
[2026-09-09 21:39:15] INFO: [GET] /api/statistics/dashboard - ::1
[2026-09-09 21:39:15] INFO: [GET] /api/parking/slots - ::1
[2026-09-09 21:39:15] INFO: [GET] /api/statistics/revenue?days=7 - ::1
[2026-09-09 21:39:18] WARN: MQTT reconnecting...
[2026-09-09 21:39:18] ERROR: MQTT error:
[2026-09-09 21:39:23] WARN: MQTT reconnecting...
[2026-09-09 21:39:23] ERROR: MQTT error:
[2026-09-09 21:39:28] WARN: MQTT reconnecting...
[2026-09-09 21:39:28] ERROR: MQTT error:
[2026-09-09 21:39:33] WARN: MQTT reconnecting...
[2026-09-09 21:39:33] ERROR: MQTT error:
[2026-09-09 21:39:38] WARN: MQTT reconnecting...
[2026-09-09 21:39:39] ERROR: MQTT error:
[2026-09-09 21:39:44] WARN: MQTT reconnecting...
[2026-09-09 21:39:44] ERROR: MQTT error:
[2026-09-09 21:39:45] INFO: [GET] /api/statistics/dashboard - ::1
[2026-09-09 21:39:45] INFO: [GET] /api/parking/slots - ::1
[2026-09-09 21:39:45] INFO: [GET] /api/statistics/revenue?days=7 - ::1
[2026-09-09 21:39:49] WARN: MQTT reconnecting...
[2026-09-09 21:39:49] ERROR: MQTT error:
[2026-09-09 21:39:54] WARN: MQTT reconnecting...
[2026-09-09 21:39:54] ERROR: MQTT error:
[2026-09-09 21:39:59] WARN: MQTT reconnecting...
[2026-09-09 21:39:59] ERROR: MQTT error:
[2026-09-09 21:40:04] WARN: MQTT reconnecting...
[2026-09-09 21:40:04] ERROR: MQTT error:
[2026-09-09 21:40:09] WARN: MQTT reconnecting...
[2026-09-09 21:40:09] ERROR: MQTT error:
[2026-09-09 21:40:14] WARN: MQTT reconnecting...
[2026-09-09 21:40:14] ERROR: MQTT error:
[2026-09-09 21:40:15] INFO: [GET] /api/statistics/dashboard - ::1
[2026-09-09 21:40:15] INFO: [GET] /api/parking/slots - ::1
[2026-09-09 21:40:15] INFO: [GET] /api/statistics/revenue?days=7 - ::1
[2026-09-09 21:40:19] WARN: MQTT reconnecting...
[2026-09-09 21:40:19] ERROR: MQTT error:
[2026-09-09 21:40:24] WARN: MQTT reconnecting...
[2026-09-09 21:40:24] ERROR: MQTT error:
[2026-09-09 21:40:29] WARN: MQTT reconnecting...
[2026-09-09 21:40:29] ERROR: MQTT error:
[2026-09-09 21:40:34] WARN: MQTT reconnecting...
[2026-09-09 21:40:34] ERROR: MQTT error:
[2026-09-09 21:40:39] WARN: MQTT reconnecting...
[2026-09-09 21:40:39] ERROR: MQTT error:
[2026-09-09 21:40:44] WARN: MQTT reconnecting...
[2026-09-09 21:40:44] ERROR: MQTT error:
[2026-09-09 21:40:45] INFO: [GET] /api/statistics/dashboard - ::1
[2026-09-09 21:40:45] INFO: [GET] /api/parking/slots - ::1
[2026-09-09 21:40:45] INFO: [GET] /api/statistics/revenue?days=7 - ::1
[2026-09-09 21:40:49] WARN: MQTT reconnecting...
[2026-09-09 21:40:49] ERROR: MQTT error:
[2026-09-09 21:40:54] WARN: MQTT reconnecting...
[2026-09-09 21:40:54] ERROR: MQTT error:
[2026-09-09 21:40:59] WARN: MQTT reconnecting...
[2026-09-09 21:40:59] ERROR: MQTT error:
[2026-09-09 21:41:04] WARN: MQTT reconnecting...
[2026-09-09 21:41:04] ERROR: MQTT error:
[2026-09-09 21:41:09] WARN: MQTT reconnecting...
[2026-09-09 21:41:09] ERROR: MQTT error:
[2026-09-09 21:41:14] WARN: MQTT reconnecting...
[2026-09-09 21:41:14] ERROR: MQTT error:
